FIRE_NAME,YEAR,SDC,FIRE_SIZE,FORESTED_BURNED, CA , PLAND , GYRATE_AM , FRAC_AM , PLADJ ,FIRE_TYPE1,FIRE_TYPE2,FED_LAND_1,FED_LAND_2,AGBUR1,AGBUR2,FOREST_NAME,Comment 
az3536611193219840614_SANDERSON,1984,0.0146,509.31,487.62,55.53,11.388,117.3159,1.0902,74.2301,Wildfire,SUPPRESSION,National Forest FS, ,FS,FS,Kaibab National Forest,
nm3302110834619850826_UNNAMED,1985,0.0128,850.59,850.59,6.3,0.7407,75.7493,1.0582,75.7143,Wildfire,SUPPRESSION,National Forest FS, ,FS,FS,Gila National Forest,
nm3304810841119850601_SHELLEY,1985,0.0287,808.38,539.82,7.11,1.3171,45.2958,1.0682,54.4304,Wildfire,SUPPRESSION,National Forest FS,Gila Wilderness,FS,FS,Gila National Forest,
nm3340310855119850619_IRON,1985,0.0266,1805.76,1541.25,3.06,0.1985,57.0239,1.0644,52.9412,Wildfire,SUPPRESSION,National Forest FS, ,FS,FS,Gila National Forest,
az3372210909219870615_MILLIGAN,1987,0.0166,1200.6,1188.72,9,0.7571,53.7489,1.0517,67.5,Wildfire,SUPPRESSION,National Forest FS, ,FS,FS,Apache National Forest,UNKNOWN in MTBS
nm3317510843719870708_WHITE_PINNACLE,1987,0.0148,1273.95,1173.96,44.91,3.8255,100.6316,1.083,71.9439,Wildfire,SUPPRESSION,National Forest FS,Gila Wilderness,FS,FS,Gila National Forest,
az3444711083619870704_SLIM,1987,0.0101,1425.24,1371.51,288.18,21.0119,175.9673,1.1056,80.1843,Wildfire,SUPPRESSION,National Forest FS, ,FS,FS,Sitgreaves National Forest,
az3679411221919870713_WILLIS,1987,0.0023,725.31,725.31,534.69,73.7188,1262.4964,1.1186,96.4063,Wildfire,SUPPRESSION,National Forest FS, ,FS,FS,Kaibab National Forest,
nm3297910788419870615_ASPEN,1987,0.0129,947.34,938.88,47.43,5.0518,94.0735,1.0573,76.5655,Wildfire,SUPPRESSION,National Forest FS, ,FS,FS,Gila National Forest,
nm3317910835519870612_SYCAMORE,1987,0.0142,3807.54,3755.43,66.06,1.7591,82.1983,1.0712,70.9128,Wildfire,SUPPRESSION,National Forest FS,Gila Wilderness,FS,FS,Gila National Forest,
nm3322910838519870613_MILLER,1987,0.0136,532.08,503.01,12.87,2.5586,180.0151,1.1113,77.972,Wildfire,SUPPRESSION,National Forest FS,Gila Wilderness,FS,FS,Gila National Forest,
nm3324910871619870615_HAYSTACK,1987,0.0282,599.76,224.28,3.6,1.6051,41.5269,1.0588,51.25,Wildfire,SUPPRESSION,National Forest FS, ,FS,FS,Gila National Forest,
az3136211025519880610_PEAK,1988,0.0098,6507.54,3168.81,80.46,2.5478,170.5597,1.1007,81.8233,Wildfire,SUPPRESSION,National Forest FS, ,FS,FS,Coronado National Forest,
az3222311061819890706_CHIVA,1989,0.002,3727.17,2986.47,1190.34,39.8578,1347.8355,1.2019,94.2084,Wildfire,SUPPRESSION,Wilderness FS, ,FS,FS,Coronado National Forest,
az3272110980119890705_MARIJILDA,1989,0.013,1714.32,1149.12,136.89,11.9126,164.6036,1.1229,74.2275,Wildfire,SUPPRESSION,National Forest FS, ,FS,FS,Coronado National Forest,
az3461511099119890706_LAVENDER,1989,0.011,658.35,658.35,131.4,19.959,162.4828,1.1009,78.4589,Wildfire,SUPPRESSION,National Forest FS, ,FS,FS,Sitgreaves National Forest,
nm3303310834919890615_SHELLY,1989,0.007,4991.13,4502.88,475.74,10.5652,343.3429,1.1208,84.6576,Wildfire,SUPPRESSION,National Forest FS, ,FS,FS,Gila National Forest,
nm3314910797819890616_MEASON,1989,0.007,423.9,423.9,73.17,17.2611,445.243,1.1433,87.5769,Wildfire,SUPPRESSION,National Forest FS, ,FS,FS,Gila National Forest,
nm3325110785319890701_DIVIDE,1989,0.014,3802.5,2044.08,164.34,8.0398,108.5989,1.0929,66.5389,Wildfire,SUPPRESSION,National Forest FS,Aldo Leopold Wilderness,FS,FS,Gila National Forest,
az3186311049319900626_MONTOSA,1990,0.004,3671.01,1104.66,390.51,35.3511,1043.7058,1.1756,88.7186,Wildfire,SUPPRESSION,National Forest FS, ,FS,FS,Coronado National Forest,
az3240411088019900524_BUSTER,1990,0.029,595.89,407.79,4.5,1.1035,52.8928,1.0697,59,Wildfire,SUPPRESSION,Wilderness FS,Pusch Ridge Wilderness,FS,FS,Coronado National Forest,
az3264711040919900626_MAVERICK,1990,0.009,719.1,718.74,77.04,10.7188,219.1141,1.1206,84.0537,Wildfire,SUPPRESSION,Wilderness FS,Galiuro Wilderness,FS,FS,Coronado National Forest,
az3438411117119900625_DUDE,1990,0.004,10150.65,9923.67,4142.25,41.7411,1892.0143,1.2329,91.447,Wildfire,SUPPRESSION,National Forest FS, ,FS,FS,Tonto National Forest,
nm3206110470119900513_BIG,1990,0.015,10022.76,1357.38,124.47,9.1699,104.3967,1.0843,69.3059,Wildfire,SUPPRESSION,National Forest FS, ,FS,FS,Lincoln National Forest,
nm3375510885119910614_HUDSON,1991,0.017,510.03,510.03,11.88,2.3293,61.849,1.0589,68.5606,Wildfire,SUPPRESSION,National Forest FS, ,FS,FS,Gila National Forest,
nm3319710854219920623_GOBBLER,1992,0.007,2303.64,2241.09,33.75,1.506,127.0665,1.0443,82.4,Wildfire,SUPPRESSION,Wilderness FS,Gila Wilderness,FS,FS,Gila National Forest,
nm3330610838619920603_CREEL,1992,0.024,6975.9,6902.28,4.32,0.0626,37.5327,1.0369,58.3333,Wildfire,SUPPRESSION,Wilderness FS,Gila Wilderness,FS,FS,Gila National Forest,
nm3331710853619920624_CUB,1992,0.023,873.9,850.05,6.66,0.7835,39.8243,1.0451,60.1351,Wildfire,SUPPRESSION,Wilderness FS,Gila Wilderness,FS,FS,Gila National Forest,
az3249511038219930615_MARKHAM,1993,0.02,9970.47,2102.13,10.26,0.4895,45.2034,1.0331,65.3509,Wildfire,SUPPRESSION,Wilderness BLM,Galiuro Wilderness,FS,FS,Coronado National Forest,
az3647311209319930616_POINT,1993,0.005,661.41,549.99,248.31,45.5055,529.5495,1.1269,91.4824,Wildfire,SUPPRESSION,National Forest FS, ,FS,FS,Kaibab National Forest,
nm3292510552519930418_BURGETT,1993,0.01,1478.7,1339.83,278.28,20.6906,357.771,1.1453,81.4683,Wildfire,SUPPRESSION,National Forest FS, ,FS,FS,Lincoln National Forest,
nm3321410842619930514_BRUSH,1993,0.016,15922.44,15271.29,66.6,0.436,66.3682,1.0587,66.6892,Wildfire,SUPPRESSION,National Forest FS,Gila Wilderness,FS,FS,Gila National Forest,
nm3332110782119930528_BLACKHAWK,1993,0.019,1794.33,1462.59,51.48,3.522,85.2429,1.0818,65.2098,Wildfire,SUPPRESSION,National Forest FS, ,FS,FS,Gila National Forest,
nm3337010852419930716_CLAYTON,1993,0.01,835.92,833.94,28.98,3.4803,145.3696,1.089,81.3665,Wildfire,SUPPRESSION,National Forest FS,Gila Wilderness,FS,FS,Gila National Forest,
nm3340210819419930521_BELL,1993,0.014,5234.76,5027.94,19.89,0.396,99.6116,1.0673,74.2081,Wildfire,SUPPRESSION,National Forest FS, ,FS,FS,Gila National Forest,
nm3342410785719930520_WHISKEY,1993,0.011,700.2,700.2,39.96,5.7018,149.9123,1.0935,79.2793,Wildfire,SUPPRESSION,National Forest FS, ,FS,FS,Gila National Forest,
nm3360610778319930521_STONE,1993,0.018,4509.99,4498.56,22.41,0.4982,69.4486,1.063,66.2651,Wildfire,SUPPRESSION,National Forest FS, ,FS,FS,Gila National Forest,
nm3589710584019930615_FRIJOLES,1993,0.012,939.24,915.84,16.2,1.773,118.1648,1.079,78.8889,Wildfire,SUPPRESSION,National Forest FS,Pecos Wilderness,FS,FS,Santa Fe National Forest,
nm3594910579319930615_QUEMADO,1993,0.014,1206.09,1152.45,54.09,4.688,100.7691,1.0716,76.4559,Wildfire,SUPPRESSION,National Forest FS,Pecos Wilderness,FS,FS,Santa Fe National Forest,
az3139511026919940603_MILLER,1994,0.01,1142.28,1122.3,105.03,9.3682,170.4916,1.1069,79.3916,Wildfire,SUPPRESSION,National Forest FS, ,FS,FS,Coronado National Forest,
az3185710927019940628_RATTLESNAKE,1994,0.0048,10214.01,10185.21,2094.84,20.5513,756.6872,1.1497,88.9543,Wildfire,SUPPRESSION,National Forest FS,Chiricahua National Monument Wilderness,FS,FS,Coronado National Forest,
az3287111018319940622_COTTONWOOD,1994,0.006,4668.84,2670.03,676.44,25.2987,527.0073,1.1657,87.3204,Wildfire,SUPPRESSION,National Forest FS, ,FS,FS,Coronado National Forest,
az3358210907519940423_SCANYON,1994,0.017,1187.28,1152,10.17,0.8786,70.7381,1.0727,69.9115,Wildfire,SUPPRESSION,National Forest FS, ,FS,FS,Apache National Forest,
az3377411100819940629_ARMOR,1994,0.007,2420.73,206.19,39.06,18.8286,214.3107,1.0888,85.2535,Wildfire,SUPPRESSION,National Forest FS, ,FS,FS,Tonto National Forest,
az3494911187819940729_LOST,1994,0.004,833.4,441.09,177.3,40.114,377.5959,1.1126,88.0711,Wildfire,SUPPRESSION,National Forest FS,Red Rock-Secret Mountain Wilderness,FS,FS,Coconino National Forest,
az3497811293219940629_JUNIPER,1994,0.007,1323.18,1323.18,137.34,10.3612,421.5949,1.1408,84.8296,Wildfire,SUPPRESSION,National Forest FS,,FS,FS,Prescott National Forest,
nm3145510893219940630_CLOVERDALE,1994,0.015,947.88,432.18,10.35,2.38,98.6419,1.0808,74.7826,Wildfire,SUPPRESSION,National Forest FS, ,FS,FS,Coronado National Forest,
nm3147110902319940705_MAVERICK,1994,0.011,500.22,500.22,34.47,6.8356,81.0931,1.0522,72.1932,Wildfire,SUPPRESSION,National Forest FS, ,FS,FS,Coronado National Forest,
nm3209410482419940628_GAP,1994,0.007,1057.5,608.31,91.71,14.9809,540.0959,1.1747,84.2493,Wildfire,SUPPRESSION,National Forest FS, ,FS,FS,Lincoln National Forest,
nm3269410572119940603_BRIDGE,1994,0.003,2041.38,1982.34,1179.45,59.4871,900.3593,1.138,94.2655,Wildfire,SUPPRESSION,National Forest FS, ,FS,FS,Lincoln National Forest,
nm3293910820919940923_GLASS,1994,0.006,943.29,911.88,45,4.9213,221.2979,1.0873,85.4,Wildfire,SUPPRESSION,National Forest FS, ,FS,FS,Gila National Forest,
nm3304410903519940525_MULE,1994,0.008,2118.6,2117.16,272.97,12.8795,184.2244,1.088,82.2123,Wildfire,SUPPRESSION,National Forest FS, ,FS,FS,Gila National Forest,
nm3309010785919940614_PIGEON,1994,0.003,2108.88,1631.52,502.02,30.8501,648.7039,1.1175,92.2105,Wildfire,SUPPRESSION,National Forest FS,Aldo Leopold Wilderness,FS,FS,Gila National Forest,
nm3358010526419940630_PONCHO,1994,0.01,611.19,490.86,60.75,12.3649,126.0998,1.0695,80.2222,Wildfire,SUPPRESSION,National Forest FS,Capitan Mountains Wilderness,FS,FS,Lincoln National Forest,
nm3367110746119940605_POT,1994,0.007,12239.19,11507.67,1416.33,12.3098,337.8069,1.1222,85.3848,Wildfire,SUPPRESSION,National Forest FS, ,FS,FS,Cibola National Forest,
nm3373110566319940629_PATOS,1994,0.005,2271.33,2186.37,655.38,29.9289,576.6767,1.1582,88.3686,Wildfire,SUPPRESSION,National Forest FS, ,FS,FS,Lincoln National Forest,
nm3383810759919940407_PINNACLE,1994,0.013,2411.19,2389.68,4.41,0.1848,64.7557,1.0432,69.3878,Wildfire,SUPPRESSION,National Forest FS, ,FS,FS,Cibola National Forest,
az3243711081519950715_SHOVEL,1995,0.008,495.9,495.9,66.6,13.4301,174.3818,1.0768,84.527,Wildfire,SUPPRESSION,National Forest FS, ,FS,FS,Coronado National Forest,
az3346310928719950627_RED,1995,0.0185,1565.64,978.03,33.03,3.3772,74.3271,1.0781,66.7575,Wildfire,SUPPRESSION,National Forest FS, ,FS,FS,Apache National Forest,
az3353210910619950717_RHETT,1995,0.011,8982.18,7688.52,299.52,3.8957,130.8849,1.0741,79.1316,Wildfire,SUPPRESSION,National Forest FS, ,FS,FS,Apache National Forest,
az3396211156519950707_BASIN,1995,0.006,8712.54,5555.43,355.86,6.4056,342.8165,1.1246,84.0415,Wildfire,SUPPRESSION,National Forest FS,Mazatzal Wilderness,FS,FS,Tonto National Forest,
nm3295110826119950920_QBALL,1995,0.009,3467.16,2988,108.18,3.6205,146.7278,1.0726,78.6606,Wildfire,SUPPRESSION,National Forest FS, ,FS,FS,Gila National Forest,
nm3318410787619950627_BONNER,1995,0.008,10674.36,7441.38,490.86,6.5964,253.9206,1.1081,77.6219,Wildfire,SUPPRESSION,National Forest FS,Aldo Leopold Wilderness,FS,FS,Gila National Forest,
nm3323510854019950721_SPRITE,1995,0.006,2980.8,2948.22,318.33,10.7974,222.1187,1.0802,85.6093,Wildfire,SUPPRESSION,National Forest FS,Gila Wilderness,FS,FS,Gila National Forest,
nm3336910824619950407_SOUTH,1995,0.013,4416.12,4400.55,8.37,0.1902,90.5923,1.0687,77.957,Wildfire,SUPPRESSION,National Forest FS, ,FS,FS,Gila National Forest,
nm3369410861319950727_HB,1995,0.006,3916.89,3301.47,430.29,13.0333,605.9855,1.1465,89.27,Wildfire,SUPPRESSION,National Forest FS, ,FS,FS,Gila National Forest,
nm3372210743519950614_MILLIGAN,1995,0.017,678.87,621.45,16.47,2.6503,86.6344,1.0762,68.5792,Wildfire,SUPPRESSION,National Forest FS, ,FS,FS,Cibola National Forest,
az3269010993019960424_CLARKPEAK,1996,0.008,2343.78,2287.08,317.25,13.8714,222.456,1.1088,82.7234,Wildfire,SUPPRESSION,National Forest FS, ,FS,FS,Coronado National Forest,
az3368911131719960427_LONE,1996,0.005,24512.67,1770.39,722.25,40.7961,582.3394,1.1752,88.8723,Wildfire,SUPPRESSION,National Forest FS, ,FS,FS,Tonto National Forest,
az3427211029519960623_COTTONWOOD,1996,0.005,548.91,548.91,173.34,31.5789,465.9807,1.1551,87.9543,Wildfire,SUPPRESSION,National Forest FS, ,FS,FS,Sitgreaves National Forest,
az3460711136919960621_POT,1996,0.008,2208.15,2162.88,543.24,25.1165,509.4459,1.1597,84.3357,Wildfire,SUPPRESSION,National Forest FS, ,FS,FS,Coconino National Forest,
az3541611168519960620_HOCKDERFFER,1996,0.004,5347.26,5283.63,1044.36,19.766,720.0951,1.1583,90.1844,Wildfire,SUPPRESSION,National Forest FS, ,FS,FS,Coconino National Forest,
az3544711175219960518_HORSESHOE,1996,0.005,3353.31,3321.45,867.15,26.1076,784.9032,1.1764,88.8376,Wildfire,SUPPRESSION,National Forest FS, ,FS,FS,Coconino National Forest,
az3653611241819960620_BRIDGERKNOLL,1996,0.005,14354.01,10574.64,3567.96,33.7407,1244.6057,1.204,88.4724,Wildfire,SUPPRESSION,National Forest FS, ,FS,FS,Kaibab National Forest,
az3663411251419960622_JUMP,1996,0.009,7856.19,6257.97,1592.91,25.4541,354.3334,1.1531,82.2561,Wildfire,SUPPRESSION,National Forest FS, ,FS,FS,Kaibab National Forest,
nm3323910860319960608_LOOKOUT,1996,0.007,5747.94,3584.97,451.8,12.6026,382.1025,1.1303,82.5797,Wildfire,SUPPRESSION,National Forest FS,Gila Wilderness,FS,FS,Gila National Forest,
nm3327610851819960609_LANGSTROTH,1996,0.005,2167.92,2140.29,332.37,15.5292,386.3729,1.107,88.4917,Wildfire,SUPPRESSION,National Forest FS,Gila Wilderness,FS,FS,Gila National Forest,
nm3419810574419960312_PINATOSA,1996,0.004,1399.14,1399.14,549.63,39.2834,627.7064,1.1388,91.4279,Wildfire,SUPPRESSION,National Forest FS, ,FS,FS,Cibola National Forest,
nm3576910637819960425_DOME,1996,0.009,6384.69,6024.06,333.54,5.5368,279.5648,1.1234,82.272,Wildfire,SUPPRESSION,National Forest FS, ,FS,FS,Santa Fe National Forest,
nm3664910559119960505_HONDO,1996,0.009,3338.91,3226.5,362.16,11.2245,212.5416,1.1045,81.8837,Wildfire,SUPPRESSION,National Forest FS, ,FS,FS,Carson National Forest,
nm3150410904019970703_MAVERICK,1997,0.014,914.85,837.54,52.02,6.211,107.5385,1.0887,73.6159,Wildfire,SUPPRESSION,National Forest FS, ,FS,FS,Coronado National Forest,
nm3312210797419970421_ROCKY,1997,0.005,1696.68,1696.68,101.52,5.9835,353.6609,1.0767,89.3174,Wildfire,SUPPRESSION,National Forest FS, ,FS,FS,Gila National Forest,
nm3333210847419970427_LILLY,1997,0.008,7489.53,7425.36,252.63,3.4023,210.7259,1.0905,81.8311,Wildfire,SUPPRESSION,National Forest FS,Gila Wilderness,FS,FS,Gila National Forest,
nm3347910866619980928_BS,1998,0.004,1810.26,1476.99,648.99,43.94,554.0198,1.1281,90.9721,Wildfire,SUPPRESSION,National Forest FS, ,FS,FS,Gila National Forest,
nm3387810848419981002_WAGONTONGUE,1998,0.02,585.27,551.97,6.57,1.1903,43.0121,1.0499,56.1644,Wildfire,SUPPRESSION,National Forest FS, ,FS,FS,Gila National Forest,
nm3602110631719980627_OSO,1998,0.005,2143.08,2100.42,543.96,25.8977,464.2227,1.1241,89.7998,Wildfire,SUPPRESSION,National Forest FS, ,FS,FS,Santa Fe National Forest,
nm3668210506219980510_BEARD,1998,0.005,1843.29,1830.87,189.99,10.377,303.161,1.0915,86.6651,Wildfire,SUPPRESSION,National Forest FS, ,FS,FS,Carson National Forest,
az3429811032719990325_HOPCOT,1999,0.008,1854.9,1833.84,14.04,0.7665,119.2223,1.0529,82.0513,Prescribed Fire,OTHER,National Forest FS, ,FS,FS,Sitgreaves National Forest,
az3471211113019990617_TURKEY,1999,0.007,906.66,871.65,318.15,36.6056,518.8934,1.1699,84.7383,Wildfire,SUPPRESSION,National Forest FS, ,FS,FS,Coconino National Forest,
nm3529410764819990603_LAJARA,1999,0.006,1314.99,1294.38,212.13,16.3556,521.6652,1.1536,87.0174,Wildfire,SUPPRESSION,National Forest FS, ,FS,FS,Cibola National Forest,
nm3583210676519991013_STABLE,1999,0.007,642.6,642.42,77.04,12.0123,228.1595,1.0969,84.3458,Wildfire,SUPPRESSION,National Recreation Area FS, ,FS,FS,Jemez National Recreation Area,
az3356110932120000908_ARROW,2000,0.015,532.35,488.16,4.23,0.8665,38.5415,1.03,58.5106,Wildland Fire Use,OTHER,National Forest FS, ,FS,FS,Apache National Forest,
nm3339010808620000730_WALL,2000,0.034,814.59,814.59,1.17,0.1436,31.1587,1.0196,53.8462,Wildland Fire Use,OTHER,National Forest FS, ,FS,FS,Gila National Forest,
nm3626910661020000805_PRIETA,2000,0.013,552.15,552.15,23.76,4.3032,156.0146,1.1001,79.5455,Wildland Fire Use,OTHER,National Forest FS, ,FS,FS,Santa Fe National Forest,
az3327811084420000730_PEAK,2000,0.004,962.28,403.2,108.99,27.0313,456.2995,1.1064,92.4443,Wildfire,SUPPRESSION,National Forest FS, ,FS,FS,Tonto National Forest,
az3380611090120000426_COONCREEK,2000,0.004,3733.2,2364.75,630.63,26.6679,479.7922,1.123,89.9244,Wildfire,SUPPRESSION,National Forest FS, ,FS,FS,Tonto National Forest,
az3541411185420000525_PUMPKIN,2000,0.003,6510.6,6350.31,1604.25,25.2625,993.0907,1.1573,92.4376,Wildfire,SUPPRESSION,National Forest FS, ,FS,FS,Coconino National Forest,
nm3222910476320000429_POLKTANK,2000,0.011,778.77,619.29,89.55,14.4601,381.2793,1.1704,78.7437,Wildfire,SUPPRESSION,National Forest FS, ,FS,FS,Lincoln National Forest,
nm3276410560520000511_SCOTTABLE,2000,0.006,6076.53,5853.33,1311.93,22.4134,834.545,1.1688,88.8592,Wildfire,SUPPRESSION,National Forest FS, ,FS,FS,Lincoln National Forest,
nm3315210833420000719_BLOODGOOD,2000,0.005,7149.15,7134.3,320.85,4.4973,313.091,1.1045,85.1332,Wildfire,SUPPRESSION,National Forest FS,Gila Wilderness,FS,FS,Gila National Forest,
nm3338410559720000507_CREE,2000,0.009,2282.13,2268.99,228.6,10.075,200.9196,1.1067,81.5354,Wildfire,SUPPRESSION,National Forest FS, ,FS,FS,Lincoln National Forest,
nm3339010794520000712_SIERRA,2000,0.023,2036.25,2034.81,8.19,0.4025,46.6948,1.061,55.4945,Wildfire,SUPPRESSION,National Forest FS, ,FS,FS,Gila National Forest,
nm3359010891620000614_SALIZ,2000,0.004,500.4,490.05,191.34,39.045,447.7274,1.1135,91.4864,Wildfire,SUPPRESSION,National Forest FS, ,FS,FS,Gila National Forest,
nm3570310559420000529_VIVEASH,2000,0.002,9095.85,8495.55,6014.34,70.794,2317.1575,1.2065,95.1987,Wildfire,SUPPRESSION,National Forest FS, ,FS,FS,Santa Fe National Forest,
nm3590710632420000505_CERROGRANDE,2000,0.002,17919.54,16348.32,6259.23,38.2867,1498.1308,1.178,92.7265,Wildfire,SUPPRESSION,National Forest FS, ,FS,FS,Santa Fe National Forest,
az3443411070120011024_BROOKBANK,2001,0.018,623.34,623.34,9,1.4438,62.0654,1.047,71,Prescribed Fire,OTHER,National Forest FS, ,FS,FS,Sitgreaves National Forest,UNKNOWN in MTBS
nm3353110783720010923_CEASE,2001,0.026,1096.65,1090.08,4.95,0.4541,29.0609,1.0221,52.7273,Wildland Fire Use,OTHER,National Forest FS, ,FS,FS,Gila National Forest,
az3210211042720010509_NORTHSTAR,2001,0.025,1237.14,942.21,2.88,0.3057,50.1626,1.0902,46.875,Wildfire,SUPPRESSION,National Forest FS, ,FS,FS,Coronado National Forest,
az3431311178520010702_PINE,2001,0.003,3105.27,2985.84,1188.9,39.8179,1367.3769,1.1853,94.1067,Wildfire,SUPPRESSION,National Forest FS, ,FS,FS,Prescott National Forest,
nm3340910803820010617_WHITETAIL,2001,0.026,1609.11,1609.11,1.89,0.1175,35.5772,1.0208,61.9048,Wildfire,SUPPRESSION,National Forest FS,Gila Wilderness,FS,FS,Gila National Forest,
nm3420410576620010421_PINATOSA,2001,0.002,930.6,930.6,668.25,71.8085,1216.8596,1.1801,95.138,Wildfire,SUPPRESSION,National Forest FS, ,FS,FS,Cibola National Forest,
az3443611128620020901_PACKRAT,2002,0.008,1278.72,1189.26,302.04,25.3973,302.1122,1.1307,84.7735,Wildfire,SUPPRESSION,National Forest FS, ,FS,FS,Coconino National Forest,UNKNOWN in MTBS
nm3348410788220020812_CASTLE,2002,0.017,1284.75,1167.75,90.18,7.7225,99.7785,1.0873,67.6647,Wildland Fire Use,OTHER,National Forest FS, ,FS,FS,Gila National Forest,
az3134611106720020612_WALKER,2002,0.016,7057.17,3006,8.91,0.2964,73.9545,1.0587,71.2121,Wildfire,SUPPRESSION,National Forest FS, ,FS,FS,Coronado National Forest,
az3140411031420020228_OVERSITE,2002,0.01,856.89,855.72,6.12,0.7152,99.6842,1.0604,83.0882,Wildfire,SUPPRESSION,National Forest FS,Miller Peak Wilderness,FS,FS,Coronado National Forest,
az3157711050520020429_RYAN,2002,0.019,14940.45,5947.29,7.83,0.1317,69.2806,1.0759,67.2414,Wildfire,SUPPRESSION,National Forest FS, ,FS,FS,Coronado National Forest,
az3242411066920020520_BULLOCK,2002,0.01,12860.28,9307.89,824.04,8.8531,204.5417,1.1105,78.4076,Wildfire,SUPPRESSION,National Forest FS, ,FS,FS,Coronado National Forest,
az3257511075620020712_ORACLE HILL,2002,0.014,984.33,789.75,13.86,1.755,99.7643,1.1128,67.8571,Wildfire,SUPPRESSION,National Forest FS, ,FS,FS,Coronado National Forest,
az3449811249420020515_INDIAN,2002,0.004,641.52,494.91,215.28,43.4988,809.2814,1.1873,90.8654,Wildfire,SUPPRESSION,National Forest FS, ,FS,FS,Prescott National Forest,
az3503211203920020821_TRICK,2002,0.014,2013.48,1974.06,56.34,2.854,82.6585,1.0716,71.8051,Wildfire,SUPPRESSION,National Forest FS, ,FS,FS,Kaibab National Forest,
nm3286810557020020508_PENASCO,2002,0.005,5802.39,5493.87,1405.98,25.5918,723.9581,1.1618,90.1389,Wildfire,SUPPRESSION,National Forest FS, ,FS,FS,Lincoln National Forest,
nm3331710854920020630_CUB,2002,0.004,4951.89,4809.24,1165.68,24.2383,661.3883,1.1294,91.9935,Wildfire,SUPPRESSION,National Forest FS,Gila Wilderness,FS,FS,Gila National Forest,
nm3345410840820020331_MIDDLE,2002,0.009,15010.56,6351.75,320.58,5.0471,194.9636,1.1155,76.516,Wildfire,SUPPRESSION,National Forest FS,,FS,FS,Gila National Forest,
nm3584910555020020615_TRAMPAS,2002,0.004,1656.99,1641.24,951.48,57.9732,1198.5977,1.187,93.6199,Wildfire,SUPPRESSION,National Forest FS,Pecos Wilderness,FS,FS,Santa Fe National Forest,
nm3587710671020020826_LAKES,2002,0.003,1743.3,1587.24,752.94,47.4371,1022.7794,1.1491,93.88,Wildfire,SUPPRESSION,National Forest FS, ,FS,FS,Santa Fe National Forest,
nm3599010579320020522_BORREGO,2002,0.006,5211.99,5007.51,916.02,18.2929,443.1825,1.1342,87.1193,Wildfire,SUPPRESSION,National Forest FS, ,FS,FS,Santa Fe National Forest,
nm3648110637020020611_MONTOYA,2002,0.005,1666.89,1655.55,495.9,29.9538,964.2359,1.2193,89.2287,Wildfire,SUPPRESSION,National Forest FS, ,FS,FS,Carson National Forest,
nm3668210504720020608_PONILCOMPLEX,2002,0.004,36050.85,32742.63,9283.14,28.3518,759.8176,1.1464,91.2071,Wildfire,SUPPRESSION,National Forest FS, ,FS,FS,Carson National Forest,
az3457511209320030623_CHERRY_RX_BURN,2003,0.013,3204.54,256.23,25.2,9.8349,138.3972,1.1138,75.5357,Prescribed Fire,OTHER,National Forest FS, ,FS,FS,Prescott National Forest,UNKNOWN in MTBS
az3358010910320030727_LARGO,2003,0.01,823.05,777.15,87.66,11.2797,141.9907,1.0847,79.8768,Wildfire,SUPPRESSION,National Forest FS, ,FS,FS,Apache National Forest,UNKNOWN in MTBS
nm3320710783520030618_MORGAN,2003,0.011,1751.31,1122.48,214.2,19.0827,235.879,1.1334,78.1933,Wildfire,SUPPRESSION,National Forest FS,Aldo Leopold Wilderness,FS,FS,Gila National Forest,UNKNOWN in MTBS
nm3338210781720030704_JENNY,2003,0.006,2652.39,2539.89,476.82,18.7733,364.4899,1.1248,86.6176,Wildfire,SUPPRESSION,National Forest FS, ,FS,FS,Gila National Forest,UNKNOWN in MTBS
nm3343610832420030704_TENCOW,2003,0.012,5480.28,5246.55,149.94,2.8579,101.5976,1.0736,72.9892,Wildfire,SUPPRESSION,National Forest FS, ,FS,FS,Gila National Forest,UNKNOWN in MTBS
az3243311077720030617_ASPEN,2003,0.005,32254.38,26953.2,6014.97,22.3163,762.0249,1.1748,87.2107,Wildfire,SUPPRESSION,National Forest FS, ,FS,FS,Coronado National Forest,
az3335310908520030705_MAPLE,2003,0.011,1117.35,694.71,32.67,4.7027,135.5037,1.1052,79.6143,Wildfire,SUPPRESSION,National Forest FS, ,FS,FS,Apache National Forest,
az3361310928420030712_STEEPLE,2003,0.003,2076.03,2058.66,670.05,32.5479,655.1678,1.123,93.0356,Wildfire,SUPPRESSION,National Forest FS, ,FS,FS,Apache National Forest,
az3365410922320030606_THOMAS,2003,0.007,4318.38,4291.29,572.49,13.3407,500.766,1.1442,86.7631,Wildfire,SUPPRESSION,National Forest FS, ,FS,FS,Apache National Forest,
az3397311111720030617_PICTURE,2003,0.004,5477.85,5255.01,2148.84,40.8913,1359.4232,1.1981,91.0663,Wildfire,SUPPRESSION,National Forest FS, ,FS,FS,Tonto National Forest,
az3510211132820030606_MORMON,2003,0.003,871.2,860.31,280.8,32.6394,541.2686,1.1099,91.0897,Wildfire,SUPPRESSION,National Forest FS, ,FS,FS,Coconino National Forest,
az3515111135220030607_LIZARD,2003,0.012,2140.02,2140.02,43.74,2.0439,122.35,1.1116,69.6502,Wildfire,SUPPRESSION,National Forest FS, ,FS,FS,Coconino National Forest,
nm3299610542820030509_WALKER,2003,0.004,1381.68,1381.68,497.88,36.0344,711.7505,1.1636,89.4342,Wildfire,SUPPRESSION,National Forest FS, ,FS,FS,Lincoln National Forest,
nm3312510781920030620_SECO,2003,0.004,2493.27,1840.23,810,44.0162,755.1696,1.1671,90.0111,Wildfire,SUPPRESSION,National Forest FS,Aldo Leopold Wilderness,FS,FS,Gila National Forest,
nm3322510843320030531_DRYLAKECOMPLEX,2003,0.006,46110.96,44785.26,4496.22,10.0395,541.7857,1.1479,84.6351,Wildfire,SUPPRESSION,National Forest FS,Gila Wilderness,FS,FS,Gila National Forest,
nm3330310875120030711_SPRUCE,2003,0.009,2629.17,1969.65,154.35,7.8364,207.8303,1.1011,81.1662,Wildfire,SUPPRESSION,National Forest FS,Gila Wilderness,FS,FS,Gila National Forest,
nm3332710879620030714_NABOURS,2003,0.017,416.07,348.57,9.45,2.7111,55.2098,1.0387,68.5714,Wildfire,SUPPRESSION,National Forest FS,Gila Wilderness,FS,FS,Gila National Forest,
nm3339010873920030713_SILVER,2003,0.006,923.04,688.77,158.49,23.0106,427.6662,1.1379,87.7342,Wildfire,SUPPRESSION,National Forest FS, ,FS,FS,Gila National Forest,
nm3341610797320030428_BOILER,2003,0.014,22986.9,21602.61,134.73,0.6237,71.7602,1.0587,64.0949,Wildfire,SUPPRESSION,National Forest FS, ,FS,FS,Gila National Forest,
nm3383210842120030712_DIVIDE,2003,0.014,1287.09,1170.99,36.45,3.1128,86.2082,1.0602,72.2222,Wildfire,SUPPRESSION,National Forest FS, ,FS,FS,Gila National Forest,
nm3587110583120030623_CAPULIN,2003,0.003,2489.4,2445.48,599.4,24.5105,428.7878,1.0987,90.2402,Wildfire,SUPPRESSION,National Forest FS, ,FS,FS,Gila National Forest,
az3508011225520040822_WILDSTEERWFU,2004,0.013,506.16,505.62,44.55,8.811,160.0945,1.1244,77.0707,Wildland Fire Use,OTHER,National Forest FS, ,FS,FS,Kaibab National Forest,
az3591811192320040808_CAMP36WFU,2004,0.015,1154.52,1154.52,31.32,2.7128,65.6765,1.0558,69.1092,Wildland Fire Use,OTHER,National Forest FS, ,FS,FS,Kaibab National Forest,
nm3311510831520040625_GRANNYWFU,2004,0.006,2284.56,2242.44,671.13,29.9286,516.1084,1.1557,87.3542,Wildland Fire Use,OTHER,National Forest FS,Gila Wilderness,FS,FS,Gila National Forest,
nm3316010826120040625_RINCONWFU,2004,0.009,1458.63,1458.27,43.56,2.9871,182.0012,1.0881,82.7479,Wildland Fire Use,OTHER,National Forest FS,Gila Wilderness,FS,FS,Gila National Forest,
az3271210988120040626_NUTALLCOMPLEX,2004,0.005,12901.86,12141.54,3453.3,28.442,795.597,1.1823,88.8832,Wildfire,SUPPRESSION,National Forest FS, ,FS,FS,Coronado National Forest,
az3323010937420040520_PIGEON,2004,0.016,1682.37,1142.82,2.7,0.2363,47.1575,1.0393,61.6667,Wildfire,SUPPRESSION,National Forest FS, ,FS,FS,Apache National Forest,
az3342010937820040517_ROSE,2004,0.012,1367.55,554.67,5.76,1.0385,94.7315,1.0718,75,Wildfire,SUPPRESSION,National Forest FS, ,FS,FS,Apache National Forest,
az3357010928920040517_KP,2004,0.008,6609.6,5370.12,289.71,5.3949,196.5015,1.0924,80.1491,Wildfire,SUPPRESSION,National Forest FS, ,FS,FS,Apache National Forest,
az3387810932020040608_THREEFORKS,2004,0.008,2770.56,2370.6,522.27,22.0311,411.0307,1.143,83.7239,Wildfire,SUPPRESSION,National Forest FS, ,FS,FS,Apache National Forest,
az3400111194120040814_NEW,2004,0.013,521.28,145.08,4.86,3.3499,56.9774,1.0453,65.7407,Wildfire,SUPPRESSION,National Forest FS, ,FS,FS,Tonto National Forest,
az3410911149820040624_WILLOW,2004,0.004,47950.47,42883.92,12036.51,28.0677,2060.497,1.2272,89.6264,Wildfire,SUPPRESSION,National Forest FS, ,FS,FS,Tonto National Forest,
az3442411137120040329_WEBBER,2004,0.009,1278.45,1220.4,188.91,15.4794,303.1579,1.1324,82.8252,Wildfire,SUPPRESSION,National Forest FS, ,FS,FS,Coconino National Forest,
az3507111133920040622_JACKET,2004,0.003,7062.84,6598.53,4297.59,65.1295,3231.8668,1.2871,91.7876,Wildfire,SUPPRESSION,National Forest FS, ,FS,FS,Coconino National Forest,
nm3361010535120040515_PEPPIN,2004,0.008,24502.5,19461.51,2890.44,14.8521,345.526,1.1368,83.7573,Wildfire,SUPPRESSION,National Forest FS, ,FS,FS,Lincoln National Forest,
nm3425810579820040521_LOOKOUT,2004,0.005,1935.36,1929.69,816.57,42.3161,795.4195,1.1971,90.0419,Wildfire,SUPPRESSION,National Forest FS, ,FS,FS,Cibola National Forest,
nm3519110809020040612_SEDGWICK,2004,0.004,3742.02,3659.58,1142.01,31.206,956.2972,1.1764,89.7864,Wildfire,SUPPRESSION,National Forest FS, ,FS,FS,Cibola National Forest,
az3345111107320050717_MILESWFU_2,2005,0.009,472.5,472.5,63.09,13.3524,160.1111,1.1152,79.9572,Wildland Fire Use,OTHER,National Forest FS, ,FS,FS,Tonto National Forest,
az3584711192920050623_MUDERSBACHWFU_2,2005,0.006,3206.7,3157.92,1230.48,38.9649,688.5505,1.1944,86.3736,Wildland Fire Use,OTHER,National Forest FS, ,FS,FS,Kaibab National Forest,
az3590411195920050626_NORTHSKINNERWFU_2,2005,0.024,616.59,610.11,30.15,4.9417,73.2608,1.0894,60.2985,Wildland Fire Use,OTHER,National Forest FS, ,FS,FS,Kaibab National Forest,
nm3341310817620050528_BLACKRANGECOMPLEXWFU_2,2005,0.008,30054.42,27737.73,1861.56,6.7113,315.7529,1.1285,80.4559,Wildland Fire Use,OTHER,National Forest FS, ,FS,FS,Gila National Forest,
nm3364710851120050529_FORKWFU_2,2005,0.014,6153.48,5882.04,41.22,0.7008,94.9473,1.073,71.8341,Wildland Fire Use,OTHER,National Forest FS, ,FS,FS,Gila National Forest,
nm3402310883520050612_JOHNSONWFU_2,2005,0.011,4617.27,4518.36,224.1,4.9598,118.1494,1.0729,76.6265,Wildland Fire Use,OTHER,National Forest FS, ,FS,FS,Apache National Forest,
az3172411083220050707_FLORIDA_2,2005,0.006,6621.66,6081.21,390.15,6.4157,572.9919,1.1452,86.1015,Wildfire,SUPPRESSION,National Forest FS, ,FS,FS,Coronado National Forest,
az3191610932620050717_BARFOOT_2,2005,0.009,711.9,711.9,80.46,11.3021,222.3474,1.1082,82.4944,Wildfire,SUPPRESSION,National Forest FS, ,FS,FS,Coronado National Forest,
az3334311108520050717_PEACHVILLE_2,2005,0.007,3271.77,666.27,183.6,27.5564,307.184,1.1477,85.6863,Wildfire,SUPPRESSION,National Forest FS, ,FS,FS,Tonto National Forest,
az3379211140020050716_EDGECOMPLEX_2,2005,0.004,28038.87,1426.14,504.99,35.4096,689.4338,1.1404,89.6988,Wildfire,SUPPRESSION,National Forest FS, ,FS,FS,Tonto National Forest,
az3393311135020050716_OAK_2,2005,0.012,586.8,416.7,79.02,18.9633,187.7508,1.115,78.7585,Wildfire,SUPPRESSION,National Forest FS, ,FS,FS,Tonto National Forest,
az3424311187720050621_CAVECREEKCOMPLEX_2,2005,0.012,99608.85,43630.74,720.45,1.6512,150.769,1.0977,75.4091,Wildfire,SUPPRESSION,National Forest FS, ,FS,FS,Tonto National Forest,
nm3365310869120050820_MOUNTAIN_2,2005,0.02,495,494.28,6.48,1.311,57.7469,1.0778,63.1944,Wildfire,SUPPRESSION,National Forest FS, ,FS,FS,Gila National Forest,
nm3635610626420050917_PINECANYON_2,2005,0.004,1655.73,1652.67,413.73,25.034,583.7985,1.1078,91.9295,Wildfire,SUPPRESSION,National Forest FS, ,FS,FS,Carson National Forest,
az3454711071420060608_POTATO_COMPLEX,2006,0.004,2409.48,2283.93,1377.81,60.3263,895.2455,1.1906,90.8289,Wildfire,SUPPRESSION,National Forest FS, ,FS,FS,Sitgreaves National Forest,UNKNOWN in MTBS
nm3385210873820060617_WILSONII,2006,0.009,3538.35,3444.57,575.73,16.7141,241.7718,1.1199,80.9911,Wildfire,SUPPRESSION,National Forest FS, ,FS,FS,Gila National Forest,UNKNOWN in MTBS
az3592111197820060608_WESTWFU,2006,0.022,851.31,810.9,7.92,0.9767,43.39,1.0396,57.3864,Wildland Fire Use,OTHER,National Forest FS, ,FS,FS,Kaibab National Forest,
nm3299510817920060602_SKATES,2006,0.007,5073.75,4266.72,166.77,3.9086,365.6499,1.1153,83.0005,Wildland Fire Use,OTHER,National Forest FS, ,FS,FS,Gila National Forest,
nm3363410885120060606_MARTINEZ,2006,0.009,3182.67,3158.64,471.96,14.9419,359.1096,1.1319,82.132,Wildland Fire Use,OTHER,National Forest FS, ,FS,FS,Gila National Forest,
az3182410934020060113_JOHNSONPEAK,2006,0.013,831.24,827.82,23.94,2.8919,83.515,1.0611,72.1805,Wildfire,SUPPRESSION,National Forest FS,,FS,FS,Chiricahua National Monument Wilderness,
az3368810924320060615_BEAVERHEAD,2006,0.009,574.92,549.54,42.21,7.681,261.0045,1.1265,84.8614,Wildfire,SUPPRESSION,National Forest FS, ,FS,FS,Apache National Forest,
az3394311122720060629_HACKBERRY,2006,0.015,770.58,441.72,11.79,2.6691,180.2615,1.1532,76.7176,Wildfire,SUPPRESSION,National Forest FS, ,FS,FS,Tonto National Forest,
az3440311133420060205_FEBRUARY,2006,0.011,1587.6,1517.13,94.14,6.2051,219.7856,1.1071,80.3059,Wildfire,SUPPRESSION,National Forest FS, ,FS,FS,Tonto National Forest,
az3492011175820060618_BRINSFIRE,2006,0.013,1770.84,1241.46,124.2,10.0043,105.7278,1.0811,73.7681,Wildfire,SUPPRESSION,National Forest FS, ,FS,FS,Coconino National Forest,
az3662511217320060608_WARM,2006,0.003,23574.6,23180.13,9587.61,41.3613,4236.7476,1.28,93.0873,Wildfire,SUPPRESSION,National Forest FS, ,FS,FS,Kaibab National Forest,
nm3332010892920060606_BRUSHY,2006,0.015,631.71,626.49,6.66,1.0631,83.9925,1.0791,72.2973,Wildfire,SUPPRESSION,National Forest FS, ,FS,FS,Gila National Forest,
nm3342710857420060619_BEAR,2006,0.005,14045.67,11804.58,2962.71,25.098,660.7204,1.1587,87.6697,Wildfire,SUPPRESSION,National Forest FS, ,FS,FS,Gila National Forest,
nm3621110689420060624_BEARPAW,2006,0.006,1326.69,1115.91,358.65,32.1397,386.8666,1.1365,87.1769,Wildfire,SUPPRESSION,National Forest FS, ,FS,FS,Santa Fe National Forest,
nm3312210805620070603_LOCOWFU,2007,0.01,661.23,656.01,50.76,7.7377,134.0136,1.0992,76.9504,Wildland Fire Use,OTHER,National Forest FS,Gila Wilderness,FS,FS,Gila National Forest,
nm3329410834620070622_WOODLAND,2007,0.01,3356.37,3275.28,460.26,14.0525,244.2067,1.1305,78.9597,Wildland Fire Use,OTHER,National Forest FS,Gila Wilderness,FS,FS,Gila National Forest,
nm3355710845420070622_HLWFU,2007,0.006,4362.75,4216.68,1268.91,30.0926,709.0071,1.1968,86.3607,Wildland Fire Use,OTHER,National Forest FS, ,FS,FS,Gila National Forest,
nm3384910845120070912_PATTERSON,2007,0.021,682.65,682.65,5.31,0.7779,55.1232,1.0435,66.1017,Wildland Fire Use,OTHER,National Forest FS, ,FS,FS,Gila National Forest,
az3136511064720070514_SANANTONIO,2007,0.012,705.33,480.33,63.54,13.2284,124.1127,1.0942,73.017,Wildfire,SUPPRESSION,National Forest FS, ,FS,FS,Coronado National Forest,
az3337010926020070702_SQUAW,2007,0.016,1319.67,1300.32,111.15,8.5479,130.7939,1.1111,70.6073,Wildfire,SUPPRESSION,National Forest FS, ,FS,FS,Apache National Forest,
az3355910935720070630_CHITTY,2007,0.008,2101.86,1590.66,269.19,16.9232,289.4267,1.1165,84.771,Wildfire,SUPPRESSION,National Forest FS, ,FS,FS,Apache National Forest,
az3435111101420070513_PROMONTORY,2007,0.01,1717.47,1681.92,79.38,4.7196,153.7133,1.0855,79.4218,Wildfire,SUPPRESSION,National Forest FS, ,FS,FS,Sitgreaves National Forest,
az3454811103920070912_WILKINS,2007,0.016,3288.24,3288.24,17.1,0.52,71.1181,1.0577,67.3684,Wildfire,SUPPRESSION,National Forest FS, ,FS,FS,Sitgreaves National Forest,
az3489211154620070706_BIRDIE,2007,0.007,2062.26,2014.11,142.65,7.0825,229.9176,1.1029,85.4259,Wildfire,SUPPRESSION,National Forest FS, ,FS,FS,Coconino National Forest,
az3663911248120070705_SLIDE,2007,0.008,2397.69,1833.75,401.22,21.8798,276.255,1.1166,81.8753,Wildfire,SUPPRESSION,National Forest FS, ,FS,FS,Kaibab National Forest,
nm3459310641120071118_OJOPEAK,2007,0.004,2475,2442.24,846.54,34.6624,935.8533,1.1793,92.0902,Wildfire,SUPPRESSION,National Forest FS, ,FS,FS,Cibola National Forest,
az3174410915220080623_JACKWOODWFU,2008,0.017,3424.23,951.84,46.44,4.879,82.3312,1.072,67.8295,Wildland Fire Use,OTHER,National Forest FS, ,FS,FS,Coronado National Forest,
az3542411201620080805_MARTEENWFU,2008,0.009,3940.02,3876.12,244.98,6.3202,294.9779,1.116,83.817,Wildland Fire Use,OTHER,National Forest FS, ,FS,FS,Kaibab National Forest,
az3587211195920080506_TWENTYTWOWFU,2008,0.007,473.76,470.79,71.73,15.2361,344.6653,1.1627,85.6336,Wildland Fire Use,OTHER,National Forest FS, ,FS,FS,Kaibab National Forest,
az3157211114320080623_WHITETANK,2008,0.023,3432.33,1536.75,8.01,0.5212,49.921,1.0536,64.0449,Wildfire,SUPPRESSION,National Forest FS, ,FS,FS,Coronado National Forest,
az3207011051220080621_DISTILLERY,2008,0.014,3457.8,1979.55,74.61,3.769,99.8747,1.0879,68.6369,Wildfire,SUPPRESSION,National Forest FS, ,FS,FS,Coronado National Forest,
az3274610982720080520_FRYEMESA,2008,0.021,1298.25,1100.25,23.4,2.1268,52.6739,1.059,61.3462,Wildfire,SUPPRESSION,National Forest FS, ,FS,FS,Coronado National Forest,
az3346810936720080622_HOTAIR,2008,0.013,3685.5,2539.8,110.61,4.3551,119.5396,1.0885,75.9967,Wildfire,SUPPRESSION,National Forest FS, ,FS,FS,Apache National Forest,
az3351410936120080422_EAGLE,2008,0.018,4879.62,2272.41,4.68,0.2059,54.8964,1.0603,63.4615,Wildfire,SUPPRESSION,National Forest FS, ,FS,FS,Apache National Forest,
az3418511231120080628_LANE2,2008,0.004,3464.28,1580.4,961.65,60.8485,888.795,1.1649,91.6004,Wildfire,SUPPRESSION,National Forest FS, ,FS,FS,Prescott National Forest,
az3594611209020080429_XFIRE,2008,0.006,849.06,790.65,285.57,36.1184,596.0008,1.1858,85.2663,Wildfire,SUPPRESSION,National Forest FS, ,FS,FS,Kaibab National Forest,
nm3244310489320080618_ROCKY,2008,0.011,19432.35,4723.2,225.09,4.7656,162.7999,1.0959,71.7713,Wildfire,SUPPRESSION,National Forest FS, ,FS,FS,Lincoln National Forest,
nm3468610638420080415_TRIGO,2008,0.005,5607.63,5513.76,1377.36,24.9804,782.3866,1.1735,88.2155,Wildfire,SUPPRESSION,National Forest FS, ,FS,FS,Cibola National Forest,
nm3476310635520080623_BIGSPRING,2008,0.005,2045.79,1978.74,868.05,43.8688,960.4531,1.1989,90.7102,Wildfire,SUPPRESSION,National Forest FS, ,FS,FS,Cibola National Forest,
az3391411140820091008_MOUNTORD,2009,0.013,679.86,677.34,14.58,2.1537,98.2635,1.0578,72.8395,Prescribed Fire,OTHER,National Forest FS, ,FS,FS,Tonto National Forest,
nm3396910709620090420_EASTMAGDALENARX,2009,0.012,6323.04,5716.26,55.08,0.964,115.3279,1.0759,75.1634,Prescribed Fire,OTHER,National Forest FS, ,FS,FS,Cibola National Forest,
az3363010947320090907_RENO,2009,0.012,2823.66,2732.31,18.27,0.6692,93.0662,1.1316,76.3547,Resource Objective,OTHER,National Forest FS, ,FS,FS,Apache National Forest,
az3449511134920090705_INDEPENDENCE,2009,0.013,590.4,580.86,10.71,1.8356,88.987,1.1512,75.2101,Resource Objective,OTHER,National Forest FS, ,FS,FS,Coconino National Forest,
az3450911122620090704_FOURTHOFJULYCOMPLEX,2009,0.016,1302.84,1273.5,7.38,0.5795,57.2868,1.1955,64.6341,Resource Objective,OTHER,National Forest FS, ,FS,FS,Coconino National Forest,
az3468611146220090720_BRADY,2009,0.027,1409.4,1397.34,16.02,1.147,41.8997,1.0505,57.0225,Resource Objective,OTHER,National Forest FS, ,FS,FS,Coconino National Forest,
az3483711146220090723_RAPTOR,2009,0.019,792.45,779.76,1.62,0.2077,40.1685,1.0369,63.8889,Resource Objective,OTHER,National Forest FS, ,FS,FS,Coconino National Forest,
az3489211154720090601_REAL,2009,0.01,1922.4,1893.15,102.42,5.4003,192.7018,1.0074,81.3269,Resource Objective,OTHER,National Forest FS, ,FS,FS,Coconino National Forest,
az3506011210720090701_CROSS,2009,0.024,3164.13,3160.53,26.82,0.8485,51.0755,1.13,59.7315,Resource Objective,OTHER,National Forest FS, ,FS,FS,Kaibab National Forest,
az3586611185920090728_ANDERSON,2009,0.008,587.07,586.53,69.93,11.8953,148.4846,1.0273,78.8288,Resource Objective,OTHER,National Forest FS, ,FS,FS,Kaibab National Forest,
az3589511204420090723_MILLER,2009,0.012,1317.96,1317.96,248.49,18.8812,198.1332,1.0857,75.661,Resource Objective,OTHER,National Forest FS, ,FS,FS,Kaibab National Forest,
az3594711200820090526_RUBYCOMPLEX,2009,0.013,1883.97,1853.55,134.55,7.259,130.1568,1.0856,71.4381,Resource Objective,OTHER,National Forest FS, ,FS,FS,Kaibab National Forest,
nm3153610909020090301_HOG,2009,0.02,7317.81,3503.79,20.52,0.5853,57.7335,1.1236,63.3772,Resource Objective,OTHER,National Forest FS,,FS,FS,Coronado National Forest,
nm3321010805920090711_MOORE,2009,0.025,2236.68,1922.58,7.47,0.3894,44.633,1.0576,54.2169,Resource Objective,OTHER,National Forest FS, ,FS,FS,Gila National Forest,
nm3325910796720090528_DIAMOND,2009,0.009,12961.62,12666.24,54.63,0.4316,111.0168,1.0565,75.0412,Resource Objective,OTHER,National Forest FS, ,FS,FS,Gila National Forest,
nm3374210844120090719_MORAGA,2009,0.01,2117.7,2117.7,33.57,1.5844,104.0638,1.0533,80.0268,Resource Objective,OTHER,National Forest FS, ,FS,FS,Gila National Forest,
nm3377010850120090530_WILLOW,2009,0.006,3857.22,3816.9,153.36,4.0236,573.4206,1.1493,88.4096,Resource Objective,OTHER,National Forest FS, ,FS,FS,Gila National Forest,
az3234511064520090711_GUTHRIE,2009,0.01,1715.22,882.45,29.97,3.3752,266.2679,1.0762,80.6306,Wildfire,SUPPRESSION,National Forest FS, ,FS,FS,Coronado National Forest,
az3329111078320090530_PIONEER,2009,0.014,739.71,515.52,27.45,5.2832,110.313,1.0776,73.9344,Wildfire,SUPPRESSION,National Forest FS, ,FS,FS,Tonto National Forest,
az3396711091020090705_BOARD,2009,0.017,418.05,409.95,18.45,4.4877,71.341,1.0917,71.9512,Wildfire,SUPPRESSION,National Forest FS, ,FS,FS,Tonto National Forest,
az3443311124220090720_RIM,2009,0.012,1051.29,1044.81,122.67,11.7126,155.7452,1.0668,78.3199,Wildfire,SUPPRESSION,National Forest FS, ,FS,FS,Tonto National Forest,
az3444811094120090807_CHEVLONCOMPLEXCROSSING,2009,0.008,1196.1,1165.41,185.58,15.9598,406.6895,1.0986,86.5422,Wildfire,SUPPRESSION,National Forest FS, ,FS,FS,Sitgreaves National Forest,
az3450711077720090806_CHEVLONCOMPLEXWEIMER,2009,0.004,4855.86,4794.21,1493.91,31.1607,1238.0439,1.0649,89.6891,Wildfire,SUPPRESSION,National Forest FS, ,FS,FS,Sitgreaves National Forest,
az3501611190220090816_TAYLOR,2009,0.003,1454.04,1435.23,351.99,24.5158,722.9896,1.1148,93.416,Wildfire,SUPPRESSION,National Forest FS, ,FS,FS,Coconino National Forest,
az3521611224320091002_TWIN,2009,0.006,637.02,612.81,139.32,22.6913,308.3091,1.0476,88.5982,Wildfire,SUPPRESSION,National Forest FS, ,FS,FS,Kaibab National Forest,
az3547411189620090720_WILDHORSECOMPLEX,2009,0.012,5668.74,5566.77,387.99,6.9674,147.6197,1.1131,77.1631,Wildfire,SUPPRESSION,National Forest FS, ,FS,FS,Kaibab National Forest,
az3593111209020090723_RAE,2009,0.013,548.01,548.01,78.21,14.2529,115.1305,1.1363,74.4534,Wildfire,SUPPRESSION,National Forest FS, ,FS,FS,Kaibab National Forest,
nm3158910901520090530_SKELETON,2009,0.009,2781.9,1891.26,264.42,13.9718,285.8604,1.1377,81.8074,Wildfire,SUPPRESSION,National Forest FS, ,FS,FS,Coronado National Forest,
nm3160110895620090504_IRISHMAN,2009,0.009,1721.52,67.14,48.33,74.6871,200.1603,1.1227,82.3091,Wildfire,SUPPRESSION,National Forest FS, ,FS,FS,Coronado National Forest,
nm3315110800320090601_MEASON,2009,0.011,5171.85,4859.73,75.15,1.5507,146.6354,1.0935,78.9222,Wildfire,SUPPRESSION,National Forest FS, ,FS,FS,Gila National Forest,
nm3574610634920090702_SANMIGUEL,2009,0.01,684.36,588.24,71.28,12.0328,135.8189,1.0826,80.1136,Wildfire,SUPPRESSION,National Forest FS,,FS,FS,Dome Wilderness,
az3177410936420100624_BRUSHY,2010,0.017,2091.06,2062.71,10.98,0.5323,53.4094,1.0546,61.8852,Prescribed Fire,OTHER,National Forest FS, ,FS,FS,Coronado National Forest,
az3362810924420100607_PARADISE,2010,0.006,2596.5,2596.23,182.52,7.0302,242.6081,1.0732,86.859,Prescribed Fire,OTHER,National Forest FS, ,FS,FS,Apache National Forest,
az3536511197420100616_EAGLEROCK,2010,0.004,1350.9,1347.84,321.66,23.8649,398.8713,1.1155,90.333,Prescribed Fire,OTHER,National Forest FS, ,FS,FS,Kaibab National Forest,
az3549811200420100830_HOBBLE,2010,0.008,756.09,755.73,65.07,8.6102,147.2984,1.0782,81.8811,Prescribed Fire,OTHER,National Forest FS, ,FS,FS,Kaibab National Forest,
nm3314210797620100606_ASPEN,2010,0.01,1355.94,1354.59,90.81,6.7039,148.8983,1.0825,79.3855,Prescribed Fire,OTHER,National Forest FS, ,FS,FS,Gila National Forest,
nm3387910755220100615_FISHERRX,2010,0.008,3194.1,3150,341.55,10.8429,248.228,1.1046,83.7681,Prescribed Fire,OTHER,National Forest FS, ,FS,FS,Cibola National Forest,
az3183610919520100526_HORSESHOE,2010,0.021,1247.49,1245.96,36.27,2.911,96.72,1.099,64.0199,Wildfire,SUPPRESSION,National Forest FS,Chiricahua National Monument Wilderness,FS,FS,Coronado National Forest,
az3451611125220100821_RANGERCOMPLEXBRAVO,2010,0.028,1724.67,1681.29,1.17,0.0696,44.2636,1.0473,65.3846,Wildfire,SUPPRESSION,National Forest FS, ,FS,FS,Coconino National Forest,
az3455611124520100717_RANGERCOMPLEX,2010,0.013,1154.43,1116.36,10.53,0.9432,73.1157,1.0571,70.9402,Wildfire,SUPPRESSION,National Forest FS, ,FS,FS,Coconino National Forest,
az3532911160120100620_SCHULTZ,2010,0.002,5646.24,5483.43,2321.37,42.3343,1461.9809,1.1789,94.1748,Wildfire,SUPPRESSION,National Forest FS, ,FS,FS,Coconino National Forest,
nm3577510672020101009_VIRGINCANYON,2010,0.016,686.7,686.7,10.53,1.5334,70.9345,1.0621,69.2308,Wildfire,SUPPRESSION,National Recreation Area FS, ,FS,FS,Jemez National Recreation Area,
nm3586210676620100601_RIO,2010,0.006,543.51,512.91,177.57,34.6201,281.8265,1.1105,86.9235,Wildfire,SUPPRESSION,National Forest FS, ,FS,FS,Santa Fe National Forest,
nm3606710641620100610_SOUTHFORK,2010,0.005,5094.63,4346.82,953.37,21.9326,330.9821,1.0913,87.7041,Wildfire,SUPPRESSION,National Forest FS, ,FS,FS,Santa Fe National Forest,
az3331811087020110817_FRIO,2011,0.016,1460.07,1226.43,12.78,1.0381,138.8651,1.0974,72.8873,Resource Objective,OTHER,National Forest FS, ,FS,FS,Tonto National Forest,
az3580711193420110820_ARMSTRONG,2011,0.016,1107.09,1059.66,18.99,1.7933,41.5396,1.0398,58.5308,Resource Objective,OTHER,National Forest FS, ,FS,FS,Kaibab National Forest,
az3585011202320110704_PARALLEL,2011,0.007,1789.29,1772.1,355.14,19.998,424.1039,1.1336,87.4557,Resource Objective,OTHER,National Forest FS, ,FS,FS,Kaibab National Forest,
nm3572810657220110817_GUACAMALLA,2011,0.009,742.14,705.24,27.63,3.9349,138.6492,1.0709,81.2704,Resource Objective,OTHER,National Forest FS, ,FS,FS,Santa Fe National Forest,
az3133911054620110523_ARLENE,2011,0.025,4284.72,3078,29.16,0.9483,52.9693,1.0694,55.5556,Wildfire,SUPPRESSION,National Forest FS, ,FS,FS,Coronado National Forest,
az3134011074320110214_DUQUESNE,2011,0.015,793.08,619.65,4.41,0.7138,79.1491,1.0811,70.4082,Wildfire,SUPPRESSION,National Forest FS, ,FS,FS,Coronado National Forest,
az3154111115820110530_MURPHYCOMPLEX,2011,0.022,26067.78,14809.32,13.86,0.0937,49.4913,1.0642,57.1429,Wildfire,SUPPRESSION,National Forest FS, ,FS,FS,Coronado National Forest,
az3155211041720110612_MONUMENT,2011,0.002,12226.41,7844.58,6013.53,76.7077,3253.5912,1.2659,94.922,Wildfire,SUPPRESSION,National Forest FS, ,FS,FS,Coronado National Forest,
az3182010921120110508_HORSESHOE2,2011,0.011,91488.87,85846.95,1742.58,2.0293,182.9203,1.1053,76.6011,Wildfire,SUPPRESSION,National Forest FS, ,FS,FS,Coronado National Forest,
az3360210944920110529_WALLOWB,2011,0.007,199255.23,171387.18,17641.35,10.2963,662.4334,1.1606,84.7366,Wildfire,SUPPRESSION,National Forest FS, ,FS,FS,Apache National Forest,
az3360210944920110529_WALLOWT,2011,0.007,28845.81,20738.16,2453.76,11.8349,388.9795,1.1389,84.8225,Wildfire,SUPPRESSION,National Forest FS,,FS,FS,Apache National Forest,
az3383511101020110820_TANNER,2011,0.011,2178.54,2136.96,213.66,9.9971,208.1926,1.1031,79.5282,Wildfire,SUPPRESSION,National Forest FS, ,FS,FS,Tonto National Forest,
az3418911085320110801_BLUFF,2011,0.02,859.05,650.52,7.74,1.1878,48.5991,1.0568,62.7907,Wildfire,SUPPRESSION,National Forest FS, ,FS,FS,Tonto National Forest,
az3446711047420110623_WASH,2011,0.018,492.03,129.69,8.55,6.662,62.0167,1.0499,68.9474,Wildfire,SUPPRESSION,National Forest FS, ,FS,FS,Sitgreaves National Forest,
nm3218910476820110510_QUEEN,2011,0.008,1580.67,1439.01,106.65,7.4113,408.2708,1.1638,82.2363,Wildfire,SUPPRESSION,National Forest FS, ,FS,FS,Lincoln National Forest,
nm3223310475220110424_LASTCHANCE,2011,0.016,21646.8,9018.99,233.73,2.593,155.5156,1.1159,69.9268,Wildfire,SUPPRESSION,National Forest FS, ,FS,FS,Lincoln National Forest,
nm3240310490220110720_ACREY,2011,0.017,7578.18,2130.39,190.08,8.9704,148.1676,1.1182,68.4896,Wildfire,SUPPRESSION,National Forest FS, ,FS,FS,Lincoln National Forest,
nm3258910518820110602_WELLS,2011,0.019,992.61,992.61,15.3,1.5429,49.9976,1.0423,64.4118,Wildfire,SUPPRESSION,National Forest FS,,FS,FS,Lincoln National Forest,
nm3287010548020110509_MAYHILL,2011,0.011,13584.42,13432.05,94.05,1.0058,213.2859,1.0974,73.5407,Wildfire,SUPPRESSION,National Forest FS,,FS,FS,Lincoln National Forest,
nm3314410836920110428_MILLER,2011,0.012,34303.23,33375.24,88.47,0.2651,199.7197,1.1322,75.3306,Wildfire,SUPPRESSION,National Forest FS,Gila Wilderness,FS,FS,Gila National Forest,
nm3329610850520110711_JACKCOMPLEX,2011,0.014,1722.24,1707.03,4.86,0.2844,118.4774,1.083,78.7037,Wildfire,SUPPRESSION,National Forest FS,Gila Wilderness,FS,FS,Gila National Forest,
nm3330110523720110628_DONALDSON,2011,0.013,41814.9,32277.33,2227.32,6.9016,190.7191,1.1215,72.0866,Wildfire,SUPPRESSION,National Forest FS, ,FS,FS,Lincoln National Forest,
nm3333310563620110403_WHITE,2011,0.011,4097.97,4092.3,187.83,4.5865,160.0143,1.0961,75.3953,Wildfire,SUPPRESSION,National Forest FS, ,FS,FS,Lincoln National Forest,
nm3581210583720110618_PACHECO,2011,0.005,3962.25,3770.28,1390.68,36.8519,838.0015,1.1906,90.1404,Wildfire,SUPPRESSION,National Forest FS, ,FS,FS,Santa Fe National Forest,
nm3581210654120110626_LASCONCHAS,2011,0.004,61057.53,57084.57,18523.8,32.4473,1780.0419,1.2133,90.7626,Wildfire,SUPPRESSION,National Forest FS, ,FS,FS,Santa Fe National Forest,
az3389711114620120808_MISTAKEPEAK,2012,0.003,1989.45,1820.25,488.79,26.8529,639.6743,1.1511,92.2482,Wildfire,SUPPRESSION,National Forest FS, ,FS,FS,Tonto National Forest,
az3393111147420120512_SUNFLOWER,2012,0.025,7158.87,6993.36,10.53,0.1506,34.6535,1.0443,52.9915,Wildfire,SUPPRESSION,National Forest FS, ,FS,FS,Tonto National Forest,
az3415011088320120614_POCO,2012,0.01,4309.2,3569.76,169.83,4.7575,428.3612,1.1414,79.1998,Wildfire,SUPPRESSION,National Forest FS, ,FS,FS,Tonto National Forest,
az3421511233820120513_GLADIATOR,2012,0.008,6513.21,1311.12,361.98,27.6085,280.6221,1.1226,83.3168,Wildfire,SUPPRESSION,National Forest FS, ,FS,FS,Prescott National Forest,
az3471811113020120629_CANYON,2012,0.004,3574.8,3251.34,1421.73,43.7275,646.7813,1.1442,91.7294,Wildfire,SUPPRESSION,National Forest FS, ,FS,FS,Coconino National Forest,
nm3326710859220120509_WHITEWATERBALDY,2012,0.003,124202.43,106192.26,14661.36,13.8064,2699.5536,1.2203,91.3701,Wildfire,SUPPRESSION,National Forest FS, ,FS,FS,Gila National Forest,
nm3341910582920120604_LITTLEBEAR,2012,0.003,15352.92,14132.52,7673.22,54.2948,2477.0764,1.2231,93.7548,Wildfire,SUPPRESSION,National Forest FS, ,FS,FS,Gila National Forest,
az3591311201420130726_SKINNER,2013,0.015,599.94,589.5,38.7,6.5649,108.7298,1.0957,72.3256,Resource Objective,OTHER,National Forest FS, ,FS,FS,Kaibab National Forest,
az3143511076720130517_SOLDIERBASIN,2013,0.02,4472.91,3701.25,7.56,0.2043,78.6746,1.075,67.8571,Wildfire,SUPPRESSION,National Forest FS, ,FS,FS,Coronado National Forest,
az3163711164220130707_COYOTE,2013,0.02,4472.91,3701.25,7.56,0.2043,78.6746,1.075,67.8571,Wildfire,SUPPRESSION,National Forest FS, ,FS,FS,Coronado National Forest,
az3459511259620130618_DOCE,2013,0.008,2773.71,1965.96,358.29,18.2247,434.1058,1.1722,83.3961,Wildfire,SUPPRESSION,National Forest FS, ,FS,FS,Prescott National Forest,
nm3288810780920130607_SILVER,2013,0.005,55797.3,42170.31,9943.47,23.5793,1204.6097,1.2033,86.7781,Wildfire,SUPPRESSION,National Forest FS, ,FS,FS,Gila National Forest,
nm3571510568020130530_TRESLAGUNAS,2013,0.006,2360.79,2257.02,638.1,28.2718,405.0056,1.1309,88.6037,Wildfire,SUPPRESSION,National Forest FS, ,FS,FS,Santa Fe National Forest,
nm3589210662020130531_THOMPSONRIDGE,2013,0.005,8529.93,7804.53,1605.24,20.5681,576.8224,1.1472,87.7831,Wildfire,SUPPRESSION,National Forest FS, ,FS,FS,Santa Fe National Forest,
nm3591110572720130610_JAROSO,2013,0.003,3857.49,3764.25,2385.9,63.3831,1361.132,1.1736,94.2871,Wildfire,SUPPRESSION,National Forest FS,Pecos Wilderness,FS,FS,Santa Fe National Forest,
nm3411310842020140506_SLAUGHTER_MESA_RX,2014,0.012,1941.75,1395.63,8.01,0.5739,84.8476,1.0499,76.4045,Prescribed Fire,OTHER,National Forest FS, ,FS,FS,Apache National Forest,UNKNOWN in MTBS
az3269411028920140617_OAK,2014,0.01,5528.79,5332.05,324.36,6.0832,213.2392,1.1216,78.0938,Resource Objective,OTHER,National Forest FS, ,FS,FS,Coronado National Forest,
az3448811122620140705_GENERAL,2014,0.017,893.52,880.38,7.11,0.8076,55.2772,1.0472,65.8228,Resource Objective,OTHER,National Forest FS, ,FS,FS,Coconino National Forest,
az3486011152620140706_BARM,2014,0.016,2714.4,2657.61,8.73,0.3285,63.7384,1.0646,64.9485,Resource Objective,OTHER,National Forest FS, ,FS,FS,Coconino National Forest,
az3498711198720140711_WILLARD,2014,0.016,897.12,897.12,11.97,1.3343,59.6123,1.0326,73.6842,Resource Objective,OTHER,National Forest FS, ,FS,FS,Coconino National Forest,
nm3574710658020140813_PINO,2014,0.005,1786.05,1749.06,123.93,7.0855,279.0989,1.091,87.2912,Resource Objective,OTHER,National Forest FS, ,FS,FS,Santa Fe National Forest,
az3475611106120140614_JACK,2014,0.007,537.03,441.72,122.85,27.8117,353.506,1.1402,86.6667,Wildfire,SUPPRESSION,National Forest FS, ,FS,FS,Coconino National Forest,
az3495311175320140520_SLIDE,2014,0.009,9185.94,8000.1,568.62,7.1077,239.0534,1.1122,82.0513,Wildfire,SUPPRESSION,National Forest FS, ,FS,FS,Coconino National Forest,
az3532511198020140815_SITGREAVESFY14,2014,0.012,4202.28,4189.14,52.11,1.2439,140.0802,1.0933,76.2522,Wildfire,SUPPRESSION,National Forest FS, ,FS,FS,Kaibab National Forest,
az3588311194020140830_HAMMER,2014,0.014,1494.18,1466.82,2.34,0.1595,56.0467,1.035,73.0769,Wildfire,SUPPRESSION,National Forest FS, ,FS,FS,Kaibab National Forest,
az3592011206820140704_MCRAE,2014,0.027,2098.17,2084.58,28.53,1.3686,45.5001,1.0361,58.2019,Wildfire,SUPPRESSION,National Forest FS, ,FS,FS,Kaibab National Forest,
az3593311195020140704_MCRAECOMPLEX,2014,0.008,3444.48,3372.75,90.09,2.6711,165.8597,1.0784,80.4196,Wildfire,SUPPRESSION,National Forest FS, ,FS,FS,Kaibab National Forest,
az3595311190420140826_BELKNAP,2014,0.027,876.69,876.69,5.04,0.5749,34.8075,1.0257,58.9286,Wildfire,SUPPRESSION,National Forest FS, ,FS,FS,Kaibab National Forest,
nm3293110814820140511_SIGNAL,2014,0.013,2389.59,2340.63,49.59,2.1187,169.6112,1.1171,71.2341,Wildfire,SUPPRESSION,National Forest FS, ,FS,FS,Gila National Forest,
nm3607710673020140625_DIEGO,2014,0.009,1612.35,1506.87,252.09,16.7294,227.9322,1.1232,82.6848,Wildfire,SUPPRESSION,National Forest FS, ,FS,FS,Santa Fe National Forest,
az3451711200120150702_CIENEGA_ASH_CREEK,2015,0.018,1623.06,1079.73,4.32,0.4009,35.7817,1.0262,60.4167,Prescribed Fire,OTHER,National Forest FS, ,FS,FS,Prescott National Forest,UNKNOWN in MTBS
az3150310908920150617_HOG,2015,0.022,3186.27,3003.93,6.12,0.2043,43.9043,1.0629,55.8824,Wildfire,SUPPRESSION,National Forest FS, ,FS,FS,Coronado National Forest,
az3431611226820150802_SAHILL,2015,0.022,1778.4,120.42,6.75,5.7078,47.7659,1.0481,58,Wildfire,SUPPRESSION,National Forest FS, ,FS,FS,Prescott National Forest,
az3449111148820150606_HORSETANK,2015,0.013,1559.7,1559.7,8.73,0.5599,60.6439,1.0364,71.6495,Wildfire,SUPPRESSION,National Forest FS, ,FS,FS,Coconino National Forest,
az3453611088620150626_ALDER,2015,0.024,987.75,987.75,7.02,0.7125,46.8674,1.0591,58.9744,Wildfire,SUPPRESSION,National Forest FS, ,FS,FS,Sitgreaves National Forest,
az3491611139320150614_CAMILLO,2015,0.018,9976.05,9346.86,15.39,0.1646,57.5476,1.0438,66.3743,Wildfire,SUPPRESSION,National Forest FS, ,FS,FS,Coconino National Forest,
az3542611187920150909_BULL,2015,0.009,1590.93,1590.57,8.01,0.5038,113.3422,1.0498,85.9551,Wildfire,SUPPRESSION,National Forest FS, ,FS,FS,Kaibab National Forest,
az3587911183020150731_ROCK,2015,0.022,505.89,503.37,8.64,1.7152,39.0612,1.0364,59.8958,Wildfire,SUPPRESSION,National Forest FS, ,FS,FS,Kaibab National Forest,
az3587911195320150629_MASONJARCOMPLEX,2015,0.016,1789.2,1780.47,18,1.0114,78.8364,1.0684,67.75,Wildfire,SUPPRESSION,National Forest FS, ,FS,FS,Kaibab National Forest,
nm3368910849720150616_PINON,2015,0.017,1185.84,1183.95,2.52,0.213,45.9572,1.0489,60.7143,Wildfire,SUPPRESSION,National Forest FS, ,FS,FS,Gila National Forest,
nm3375610745620150615_REDCANYON,2015,0.015,5466.51,5194.98,15.93,0.3061,84.1414,1.086,67.7966,Wildfire,SUPPRESSION,National Forest FS, ,FS,FS,Cibola National Forest,
nm3553810546220150606_COMMISSARY,2015,0.019,1061.82,1056.33,6.3,0.5966,64.2492,1.0614,70,Wildfire,SUPPRESSION,National Forest FS, ,FS,FS,Santa Fe National Forest,
az3630011238619880709_DUTTON,1988,0.011,1360.17,1168.74,77.31,6.6148,128.8861,1.0857,79.22,Wildfire,SUPPRESSION,National Park NPS, ,NPS,OTHER,Grand Canyon National Park Wilderness Study Area,
az3342710995419890706_SUMMIT,1989,0.006,1125.54,916.83,153,16.6879,367.2463,1.1151,87.0882,Wildfire,SUPPRESSION,Indian Reservations BIA, ,BIA,OTHER,San Carlos Indian Reservation,
az3167810952819890704_SWISHELM,1989,0.007,3416.31,2742.93,158.67,5.7847,250.6798,1.1069,83.6358,Wildfire,SUPPRESSION,Public Domain Land BLM, ,BLM,OTHER,,
nm3157010877119890616_GRAY,1989,0.012,11636.01,6431.4,442.98,6.8878,142.3447,1.1016,75.7416,Wildfire,SUPPRESSION,Public Domain Land BLM, ,BLM,OTHER,,
nm3223310444419890320_DRENNAN,1989,0.021,1125.36,224.01,15.75,7.0309,69.1118,1.0796,62,Wildfire,SUPPRESSION,Public Domain Land BLM, ,BLM,OTHER, ,
nm3326310509319890419_PICACHO,1989,0.016,741.96,481.14,17.28,3.5915,72.0031,1.061,72.3958,Wildfire,SUPPRESSION,Public Domain Land BLM, ,BLM,OTHER, ,
az3210711021219890706_GRANITE,1989,0.023,475.29,17.73,4.05,22.8426,73.6216,1.0989,57.7778,Wildfire,SUPPRESSION,NA, ,NA,OTHER, ,
az3634011235419890707_MUAV,1989,0.007,662.22,407.16,108.99,26.7683,280.0749,1.1278,85.0124,Wildfire,SUPPRESSION,Wilderness Study Area NPS, ,NPS,OTHER,Grand Canyon National Park Wilderness Study Area,
az3386710992619900630_UNNAMED,1990,0.007,1182.33,980.37,486.63,49.6374,653.8841,1.2026,86.0644,Wildfire,SUPPRESSION,Indian Reservations BIA, ,BIA,OTHER,Fort Apache Indian Reservation,UNKNOWN in MTBS
nm3690210483819900630_MINE,1990,0.009,1033.11,879.48,50.94,5.7921,373.858,1.1343,81.4488,Wildfire,SUPPRESSION,NA, ,NA,OTHER, ,
az3634411225219930923_NORTHWEST3,1993,0.0132,555.93,555.93,17.73,3.181,79.1008,1.0455,76.9036,Wildfire,SUPPRESSION,National Park NPS,Grand Canyon National Park Wilderness Study Area,NPS,OTHER,Grand Canyon National Park,
nm3307310659819940720_UNNAMED,1994,0.023,784.89,101.7,5.94,5.7541,35.4419,1.0355,56.8182,Unknown,SUPPRESSION,Army DOD, ,DOD,OTHER,White Sands Missile Range,https://www.wsmr.army.mil/PAO/wuaws/Pages/1994inreview.aspx
nm3312610705819940720_UNNAMED,1994,0.011,869.94,354.15,23.85,6.8036,211.6025,1.1265,78.3019,Unknown,SUPPRESSION,Army DOD, ,DOD,OTHER,White Sands Missile Range,https://www.wsmr.army.mil/PAO/wuaws/Pages/1994inreview.aspx
nm3361610632819940821_UNNAMED,1994,0.007,1969.47,677.88,296.64,43.7367,387.4284,1.1428,83.3283,Unknown,SUPPRESSION,Army DOD, ,DOD,OTHER,White Sands Missile Range,https://www.wsmr.army.mil/PAO/wuaws/Pages/1994inreview.aspx
nm3276910654119940720_SEEHORN,1994,0.029,1354.23,76.59,13.05,17.3445,59.6385,1.0908,56.8966,Wildfire,SUPPRESSION,National Wildlife Refuge,National Wildlife Refuge FWS,FWS,OTHER,San Andres National Wildlife Refuge,UNKNOWN in MTBS
nm3320710540119940124_YELLOWWELL,1994,0.012,6480.36,5715.9,468.36,8.193,232.2054,1.148,76.2586,Prescribed Fire,OTHER,Indian Reservations BIA, ,BIA,OTHER,Mescalero Apache Indian Reservation,
az3599911386219940701_TOWERS1,1994,0.009,4347.45,1989.45,298.98,15.0705,408.7035,1.1537,82.3149,Wildfire,SUPPRESSION,Indian Reservations BIA, ,BIA,OTHER,Hualapai Indian Reservation,
az3167710952719940703_SWISSHELM,1994,0.034,1355.76,1222.65,3.69,0.3016,32.187,1.0085,63.4146,Wildfire,SUPPRESSION,Public Domain Land BLM, ,BLM,OTHER, ,
az3488711391119940531_MCKENZIE,1994,0.013,842.76,21.87,5.4,25,85.5979,1.0896,72.5,Wildfire,SUPPRESSION,Public Domain Land BLM, ,BLM,OTHER, ,
nm3155610869019940612_CENTER,1994,0.019,2738.43,927.72,37.26,4.0035,83.9623,1.095,63.4058,Wildfire,SUPPRESSION,Public Domain Land BLM, ,BLM,OTHER, ,
nm3385810609819940626_IRON,1994,0.009,1443.6,1204.02,458.46,38.1002,424.3292,1.1764,79.9274,Wildfire,SUPPRESSION,Public Domain Land BLM, ,BLM,OTHER, ,
nm3395110602319940630_LOVELACE,1994,0.014,1569.69,323.46,16.47,5.0847,72.8162,1.0723,66.3934,Wildfire,SUPPRESSION,Public Domain Land BLM, ,BLM,OTHER, ,
nm3376110616719940611_OSCURA,1994,0.016,2905.74,2771.1,71.91,2.5958,74.7632,1.0793,64.2053,Wildfire,SUPPRESSION,Army DOD, ,DOD,OTHER,White Sands Missile Range,
nm3138610871919940612_LYNCH,1994,0.015,6555.15,620.55,56.88,9.104,99.3144,1.091,70.8861,Wildfire,SUPPRESSION,NA, ,NA,OTHER, ,
nm3146710883319940611_FLATCOMPLEX,1994,0.012,14106.78,1293.75,13.77,1.0498,62.4489,1.0619,63.0719,Wildfire,SUPPRESSION,NA, ,NA,OTHER, ,
nm3155510864119940625_TIMBER,1994,0.013,498.33,145.53,17.82,12.2298,120.7978,1.1024,73.2323,Wildfire,SUPPRESSION,NA, ,NA,OTHER, ,
az3218711052219940629_RINCON,1994,0.004,6262.38,4751.46,1430.82,30.107,1079.9967,1.2033,88.6306,Wildfire,SUPPRESSION,Wilderness NPS,National Park NPS,NPS,OTHER,Saguaro Wilderness,
nm3382410787719950730_UNNAMED,1995,0.011,1737.45,1721.52,135.81,7.889,152.4125,1.0875,80.3844,Unknown,SUPPRESSION,NA, ,NA,OTHER, ,not in any databases; assumed suppression since not on fed land
az3426911052219951015_RX,1995,0.02,2196.54,2129.13,19.26,0.9046,61.9095,1.0614,62.3832,Prescribed Fire,OTHER,Indian Reservations BIA, ,BIA,OTHER,Fort Apache Indian Reservation,
az3617311197619950729_MATTHES,1995,0.01,552.51,550.26,10.98,1.9954,115.9293,1.0766,81.1475,Prescribed Fire,OTHER,National Park NPS,,NPS,OTHER,Grand Canyon National Park Wilderness Study Area,
az3321310992919950708_BURDETTE,1995,0.014,4302.81,2384.37,60.84,2.5516,125.0155,1.1002,70.7101,Wildfire,SUPPRESSION,Indian Reservations BIA, ,BIA,OTHER,San Carlos Indian Reservation,
az3581011374919950707_LOST,1995,0.007,2943.9,1365.12,650.25,47.6332,559.6415,1.1968,85.0657,Wildfire,SUPPRESSION,Indian Reservations BIA, ,BIA,OTHER,Hualapai Indian Reservation,
az3599011392219950630_TOWERSII,1995,0.009,2510.73,1750.68,482.94,27.5859,324.8238,1.15,81.0287,Wildfire,SUPPRESSION,Public Domain Land BLM, ,BLM,OTHER,,
az3660911388419950630_TASTEFULL,1995,0.031,3834.36,537.57,2.79,0.519,40.0576,1.0455,58.0645,Wildfire,SUPPRESSION,National Monument BLM, ,BLM,OTHER,Grand Canyon-Parashant National Monument,
az3663611390719950730_JACOBSWELL,1995,0.018,728.82,187.29,20.25,10.8121,73.1231,1.0716,66.8889,Wildfire,SUPPRESSION,National Monument BLM, ,BLM,OTHER,Grand Canyon-Parashant National Monument,
nm3640310496719960506_UNNAMED,1996,0.026,801.72,579.69,2.61,0.4502,58.9818,1.0495,68.9655,Unknown,SUPPRESSION,NA, ,NA,OTHER,,not in any databases; assumed suppression since not on fed land
az3607511363219960925_TWINII,1996,0.013,428.67,265.5,15.12,5.6949,77.9663,1.077,70.5357,Prescribed Fire,OTHER,National Recreation Area NPS,National Monument NPS,NPS,OTHER,Lake Mead National Recreation Area,
az3420811049919960424_WHITESPRG,1996,0.01,1683.36,1178.73,65.25,5.5356,197.6201,1.1305,77.4483,Wildfire,SUPPRESSION,Indian Reservations BIA, ,BIA,OTHER,Fort Apache Indian Reservation,
az3522510919219960607_ALLENTOWN5,1996,0.026,1074.6,417.69,7.11,1.7022,42.48,1.0443,62.0253,Wildfire,SUPPRESSION,Indian Reservations BIA, ,BIA,OTHER,Navajo Indian Reservation,
nm3307610556319960221_ELKSPRING,1996,0.007,924.03,921.78,200.07,21.7047,372.7825,1.135,85.7625,Wildfire,SUPPRESSION,Indian Reservations BIA, ,BIA,OTHER,Mescalero Apache Indian Reservation,
nm3319210567219960420_CHINOWELL,1996,0.015,3188.79,2752.29,168.12,6.1084,113.8735,1.1009,71.7612,Wildfire,SUPPRESSION,Indian Reservations BIA, ,BIA,OTHER,Mescalero Apache Indian Reservation,
nm3699810700819960610_ARCHULETA,1996,0.006,6319.89,3185.28,867.42,27.2321,1057.4989,1.2168,87.2536,Wildfire,SUPPRESSION,Indian Reservations BIA, ,BIA,OTHER,Jicarilla Apache Indian Reservation,
az3658211363919960816_ONEWAYPASS,1996,0.006,623.97,584.28,215.91,36.9532,361.4209,1.1301,88.0575,Wildfire,SUPPRESSION,National Monument BLM, ,BLM,OTHER,Grand Canyon-Parashant National Monument,
nm3392010536819960613_HASPEROS,1996,0.017,620.19,177.84,5.13,2.8846,129.1428,1.1266,73.6842,Wildfire,SUPPRESSION,Public Domain Land BLM, ,BLM,OTHER,,
nm3695410437619960427_SUGARITE,1996,0.014,619.56,345.96,16.65,4.8127,125.2178,1.0965,75.4054,Wildfire,SUPPRESSION,NA, ,NA,OTHER, ,
az3307411041319970415_COPPERREEF,1997,0.016,1805.76,706.68,25.92,3.6679,118.6778,1.1037,70.4861,Prescribed Fire,OTHER,Indian Reservations BIA, ,BIA,OTHER,San Carlos Indian Reservation,
nm3221610454119970319_LECHUGILLA,1997,0.027,927.81,449.64,2.43,0.5404,29.9539,1.0545,37.037,Prescribed Fire,OTHER,Public Domain Land BLM, ,BLM,OTHER, ,
nm3346210765019970623_IRONMT,1997,0.02,675.18,523.08,37.08,7.0888,49.9335,1.0529,59.5874,Prescribed Fire,OTHER,Public Domain Land BLM, ,BLM,OTHER, ,
nm3399010812119970421_HORSEMT,1997,0.022,1190.79,1190.25,7.83,0.6578,58.9574,1.0618,60.9195,Prescribed Fire,OTHER,Public Domain Land BLM, ,BLM,OTHER, ,
az3339811005919970715_GREEN,1997,0.01,858.15,557.37,92.43,16.5832,219.1059,1.1229,79.5521,Wildland Fire Use,OTHER,Indian Reservations BIA, ,BIA,OTHER,San Carlos Indian Reservation,
nm3578610631619970629_LUMMIS,1997,0.015,863.28,697.86,41.22,5.9066,100.0377,1.0927,74.1266,Wildland Fire Use,OTHER,Wilderness NPS,National Monument NPS,NPS,OTHER,Bandelier Wilderness,
az3442911281119980727_UNNAMED,1998,0.019,1987.47,897.12,3.06,0.3411,55.3412,1.0533,66.1765,Unknown,SUPPRESSION,NA, ,NA,OTHER, ,not in any databases; assumed suppression since not on fed land
az3340211009819980518_XK,1998,0.022,7040.07,3324.78,14.76,0.4439,59.5065,1.0831,57.9268,Prescribed Fire,OTHER,Indian Reservations BIA, ,BIA,OTHER,San Carlos Indian Reservation,
az3397110982919981008_MCKAYS,1998,0.031,833.31,833.31,1.53,0.1836,50.9632,1.04,70.5882,Prescribed Fire,OTHER,Indian Reservations BIA, ,BIA,OTHER,Fort Apache Indian Reservation,
az3405710965319980804_SOLDIERBU,1998,0.018,829.8,818.19,3.24,0.396,47.6779,1.05,62.5,Prescribed Fire,OTHER,Indian Reservations BIA, ,BIA,OTHER,Fort Apache Indian Reservation,
az3587711307919981021_C12,1998,0.028,695.43,695.43,2.79,0.4012,40.442,1.0302,61.2903,Prescribed Fire,OTHER,Indian Reservations BIA, ,BIA,OTHER,Hualapai Indian Reservation,
nm3345210762319980610_IRONMT2,1998,0.007,1682.82,1647.54,89.46,5.4299,239.9733,1.1176,79.0241,Prescribed Fire,OTHER,Public Domain Land BLM, ,BLM,OTHER, ,
az3659411356119980709_SULLIVANTK,1998,0.008,2731.59,1218.33,230.49,18.9185,320.3861,1.1469,82.1359,Prescribed Fire,OTHER,Public Domain Land BLM,,BLM,OTHER,Grand Canyon-Parashant National Monument,
az3220011057719981008_CHIMENEA,1998,0.019,807.03,788.31,26.1,3.3109,81.8708,1.0858,65.8621,Prescribed Fire,OTHER,National Park NPS,Saguaro Wilderness,NPS,OTHER,Saguaro National Park,
az3615011195019981013_WALHALLA2,1998,0.01,1356.3,1344.6,25.02,1.8608,111.3909,1.0606,76.6187,Prescribed Fire,OTHER,National Park NPS, ,NPS,OTHER,Grand Canyon National Park,
nm3581710634319980616_UNIT29,1998,0.022,487.71,357.3,6.66,1.864,48.0534,1.0653,58.1081,Wildfire,SUPPRESSION,National Monument NPS, ,NPS,OTHER,Bandelier National Monument,
nm3593910451919990305_UNNAMED,1999,0.021,982.35,503.55,1.35,0.2696,45.0952,1.0316,70,Unknown,SUPPRESSION,NA, ,NA,OTHER, ,not in any databases; assumed suppression since not on fed land
az3390811041019990327_FLYINGV,1999,0.024,1760.67,1573.92,13.14,0.835,40.086,1.0476,56.1644,Prescribed Fire,OTHER,Indian Reservations BIA, ,BIA,OTHER,Fort Apache Indian Reservation,
az3422411066119991022_CHUCKBOX,1999,0.02,4007.16,3925.26,8.1,0.2068,65.7205,1.0729,61.1111,Prescribed Fire,OTHER,Indian Reservations BIA, ,BIA,OTHER,Fort Apache Indian Reservation,
az3426111039419991101_DEERSPRING,1999,0.02,2038.59,2038.59,49.95,2.452,60.5562,1.0574,62.8829,Prescribed Fire,OTHER,Indian Reservations BIA, ,BIA,OTHER,Fort Apache Indian Reservation,
nm3675310705019991012_J5,1999,0.015,564.66,477.9,29.43,6.1259,82.8065,1.0633,71.5596,Prescribed Fire,OTHER,Indian Reservations BIA, ,BIA,OTHER,Jicarilla Apache Indian Reservation,
az3502911387419990226_MOSSBASIN,1999,0.018,1267.29,430.65,4.77,1.1049,54.3338,1.0584,62.2642,Prescribed Fire,OTHER,Public Domain Land BLM, ,BLM,OTHER, ,
az3614011366219990624_TINCANEBIT,1999,0.011,2019.6,1986.57,88.38,4.4513,165.6515,1.1009,73.3198,Prescribed Fire,OTHER,National Monument BLM, ,BLM,OTHER,Grand Canyon-Parashant National Monument,
az3608911361719990628_TWINCOMPL,1999,0.013,1664.37,849.6,42.84,5.0552,102.4095,1.083,73.8445,Prescribed Fire,OTHER,National Park NPS, ,NPS,OTHER,Grand Canyon-Parashant National Monument,
az3622611211919991002_OUTLET,1999,0.013,1684.98,1641.69,5.94,0.3618,58.1407,1.054,65.1515,Prescribed Fire,OTHER,National Park NPS,,NPS,OTHER,Grand Canyon National Park Wilderness Study Area,
az3217611066119990618_BOXCANYON,1999,0.031,2159.19,1490.22,4.5,0.3024,35.4911,1.0496,49,Wildland Fire Use,OTHER,National Park NPS, ,NPS,OTHER,Saguaro National Park,
az3628711315919990604_MTEMMA,1999,0.014,672.3,667.8,27,4.0513,105.9315,1.0852,72.3333,Wildland Fire Use,OTHER,National Park NPS,,NPS,OTHER,Grand Canyon National Park Wilderness Study Area,
nm3314910571319990513_TELEPHONE,1999,0.009,862.65,830.25,178.38,21.4549,329.3512,1.1523,84.0061,Wildfire,SUPPRESSION,Indian Reservations BIA, ,BIA,OTHER,Mescalero Apache Indian Reservation,
az3662411371319990528_JUMPSPRING,1999,0.011,7940.25,2923.47,200.34,6.8379,185.8876,1.1157,77.92,Wildfire,SUPPRESSION,National Monument BLM, ,BLM,OTHER,Grand Canyon-Parashant National Monument,
az3404811034520000722_RIDGE,2000,0.004,2900.61,2425.23,1661.49,68.5086,1625.1415,1.2528,91.482,Wildfire,SUPPRESSION,Indian Reservations BIA, ,BIA,OTHER,Fort Apache Indian Reservation,
az3696611276320000721_MOCCASIN,2000,0.003,718.47,675.81,525.06,77.6934,1075.812,1.2041,93.3922,Wildfire,SUPPRESSION,Indian Reservations BIA, ,BIA,OTHER,Kaibab Indian Reservation,
az3640911368420000725_RATTLESNAKE,2000,0.002,680.67,659.61,481.32,72.9704,920.9112,1.1595,95.1103,Wildfire,SUPPRESSION,National Monument BLM, ,BLM,OTHER,Grand Canyon-Parashant National Monument,
nm3368610809320000605_CHANCE,2000,0.014,13382.73,7754.22,154.44,1.9917,118.1469,1.0914,70.4837,Wildfire,SUPPRESSION,Public Domain Land BLM, ,BLM,OTHER,,
nm3546410386120000519_SINGLETON,2000,0.02,550.26,483.57,22.32,4.6157,55.7359,1.0522,65.7258,Wildfire,SUPPRESSION,NA, ,NA,OTHER, ,
az3628811200020000510_OUTLET,2000,0.003,5802.48,5479.83,1537.38,28.0552,1192.2735,1.1629,91.5408,Wildfire,SUPPRESSION,National Park NPS, ,NPS,OTHER,Grand Canyon National Parl,
nm3423610617320010715_UNNAMED,2001,0.006,440.01,306.45,217.17,70.8664,328.8997,1.1243,88.3962,Unknown,SUPPRESSION,NA, ,NA,OTHER,,not in any databases; assumed suppression since not on fed land
az3375610976320011011_TURKEYCRK,2001,0.023,2016.18,2009.61,2.7,0.1344,31.9406,1.0175,53.3333,Prescribed Fire,OTHER,Indian Reservations BIA, ,BIA,OTHER,Fort Apache Indian Reservation,
az3410611003320011022_CORDUROY,2001,0.023,849.06,775.8,15.48,1.9954,36.4582,1.0314,54.6512,Prescribed Fire,OTHER,Indian Reservations BIA, ,BIA,OTHER,Fort Apache Indian Reservation,
az3420411061920011012_CHUCKBOX,2001,0.011,455.76,400.86,56.52,14.0997,144.4219,1.1014,78.6624,Prescribed Fire,OTHER,Indian Reservations BIA, ,BIA,OTHER,Fort Apache Indian Reservation,
nm3618010708720010917_VALLES,2001,0.008,995.76,891.09,190.53,21.3817,360.8731,1.1498,84.034,Prescribed Fire,OTHER,Indian Reservations BIA, ,BIA,OTHER,Jicarilla Apache Indian Reservation,
nm3258310650020010528_BENNETTMT,2001,0.026,4145.85,656.82,8.82,1.3428,38.7179,1.0561,53.0612,Prescribed Fire,OTHER,Public Domain Land BLM, ,BLM,OTHER, ,
az3621211197620010715_VISTA,2001,0.01,1661.94,1661.22,119.16,7.173,167.6957,1.0942,81.7598,Wildland Fire Use,OTHER,National Park NPS, ,NPS,OTHER,Grand Canyon National Park,
az3624811222920010829_TOWERFIRE,2001,0.01,1958.4,1860.75,9.63,0.5175,92.7271,1.0405,76.6355,Wildland Fire Use,OTHER,National Park NPS, ,NPS,OTHER,Grand Canyon National Park,
az3633811232120010817_SWAMPRDG,2001,0.016,1774.98,1727.46,13.59,0.7867,69.0655,1.0613,67.5497,Wildland Fire Use,OTHER,National Park NPS, ,NPS,OTHER,Grand Canyon National Park,
nm3151210879620010504_ANIMAS,2001,0.019,2650.77,1228.95,11.07,0.9008,101.5228,1.1012,71.9512,Wildfire,SUPPRESSION,NA,,BLM,OTHER, ,
nm3673910499820010510_HIGHLAND,2001,0.02,432.81,417.42,34.83,8.3441,271.2246,1.1742,66.5375,Wildfire,SUPPRESSION,NA, ,NA,OTHER,,
nm3694810496220010429_YORK,2001,0.006,1314.72,1189.71,167.49,14.0782,302.95,1.1199,85.0618,Wildfire,SUPPRESSION,NA, ,NA,OTHER, ,
az3423311046320020618_RODEO,2002,0.004,186874.56,170978.76,74001.78,43.2813,2530.1974,1.2434,91.1601,Wildfire,SUPPRESSION,Indian Reservations BIA, ,BIA,OTHER,Apache National Forest/Fort Apache Indian Reservation,
az3680910910920020628_CARRIZO1,2002,0.007,1498.86,1353.06,509.04,37.6214,508.2532,1.1683,87.0668,Wildfire,SUPPRESSION,Indian Reservations BIA, ,BIA,OTHER,Navajo Indian Reservation,
nm3155810867420020627_WALNUT,2002,0.022,12296.79,3032.82,10.89,0.3591,56.5232,1.0712,54.1322,Wildfire,SUPPRESSION,Indian Reservations BIA, ,BIA,OTHER,Navajo Indian Reservation,
nm3329110544820020323_NUMBER52,2002,0.013,5604.93,5386.68,237.6,4.4109,121.028,1.0866,72.6326,Wildfire,SUPPRESSION,Indian Reservations BIA, ,BIA,OTHER,Mescalero Apache Indian Reservation,
az3542111413120020220_VOCKCYN,2002,0.012,1485.09,351.63,10.17,2.8922,100.9874,1.0619,76.9912,Wildfire,SUPPRESSION,Public Domain Land BLM, ,BLM,OTHER, ,
nm3533210450220020602_MEADOW,2002,0.01,642.06,641.61,23.13,3.605,103.0631,1.0815,73.5409,Wildfire,SUPPRESSION,NA, ,NA,OTHER,,
nm3610410503320020602_CERROPELON,2002,0.008,5265.99,861.84,178.02,20.6558,333.6637,1.1538,81.8251,Wildfire,SUPPRESSION,NA, ,NA,OTHER,,
nm3693410324320020601_KENTON,2002,0.013,2183.94,1936.62,42.93,2.2167,110.3361,1.0804,72.8512,Wildfire,SUPPRESSION,NA, ,NA,OTHER, ,
az3630711238320030615_POWELL,2003,0.015,1716.57,1457.37,27.27,1.8712,94.1405,1.0827,71.2871,Wildland Fire Use,OTHER,National Park NPS,,NPS,OTHER,Grand Canyon National Park Wilderness Study Area,
az3631111220120030930_POPLAR,2003,0.003,6846.57,6812.64,1152.27,16.9137,992.8406,1.1568,91.7363,Wildland Fire Use,OTHER,National Park NPS, ,NPS,OTHER,Grand Canyon National Park ,
az3389611003320030713_KINISHBA,2003,0.003,10603.62,9388.8,6192.45,65.9557,2740.8531,1.2565,93.8725,Wildfire,SUPPRESSION,Indian Reservations BIA, ,BIA,OTHER,Fort Apache Indian Reservation,
nm3642410549020030704_ENCEBADO,2003,0.003,2078.82,2068.65,1335.33,64.5508,1713.8324,1.2238,94.3048,Wildfire,SUPPRESSION,Indian Reservations BIA, ,BIA,OTHER,Taos Indian Reservation,
az3223511054320030617_HELENS2,2003,0.004,1391.13,1367.28,816.93,59.7486,1282.0004,1.2284,91.4179,Wildfire,SUPPRESSION,National Park NPS,,NPS,OTHER,Saguaro National Park,
az3603811210020040505_LONGJIM,2004,0.01,822.96,801.9,86.04,10.7295,203.991,1.1095,81.59,Prescribed Fire,OTHER,National Park NPS, ,NPS,OTHER,Grand Canyon National Park,
az3618011199320040915_WALHALLA,2004,0.008,1323.72,1315.08,39.51,3.0044,139.6746,1.076,80.8656,Prescribed Fire,OTHER,Wilderness Study Area NPS,National Park NPS,NPS,OTHER,Grand Canyon National Park Wilderness Study Area,
az3622611207920040823_OUTLETRX,2004,0.006,451.44,447.21,55.71,12.4572,208.9918,1.086,85.0565,Prescribed Fire,OTHER,National Park NPS, ,NPS,OTHER,Grand Canyon National Park,
az3624111202220041006_MARBLEJIMCOMPLEX,2004,0.006,519.48,519.48,100.89,19.4213,446.5529,1.1171,88.091,Prescribed Fire,OTHER,National Park NPS, ,NPS,OTHER,Grand Canyon National Park,
az3307510971120050614_PIMAGAP_2,2005,0.021,512.91,243.18,3.24,1.3323,50.641,1.0682,61.1111,Prescribed Fire,OTHER,Indian Reservations BIA, ,BIA,OTHER,San Carlos Indian Reservation,
az3561610920720051017_OAKRIDGE_2,2005,0.021,528.48,528.48,23.22,4.3937,78.6096,1.0861,67.8295,Prescribed Fire,OTHER,Indian Reservations BIA, ,BIA,OTHER,Navajo Indian Reservation,
az3572410919820050712_KINLICHEE_2,2005,0.026,790.47,786.15,53.55,6.8117,47.1461,1.059,57.3109,Prescribed Fire,OTHER,Indian Reservations BIA, ,BIA,OTHER,Navajo Indian Reservation,
nm3597510883220051022_LITTLEWATER1_2,2005,0.021,1757.25,1566,47.43,3.0287,68.8898,1.0806,59.4877,Prescribed Fire,OTHER,Indian Reservations BIA, ,BIA,OTHER,Navajo Indian Reservation,
nm3617710895220050828_HOOKLAKE_2,2005,0.019,1460.43,1283.58,12.51,0.9746,31.9096,1.0357,49.2806,Prescribed Fire,OTHER,Indian Reservations BIA, ,BIA,OTHER,Navajo Indian Reservation,
az3602211207920051002_LONGJIM1RX_2,2005,0.021,708.75,692.73,2.7,0.3898,54.198,1.0713,58.3333,Prescribed Fire,OTHER,National Park NPS, ,NPS,OTHER,Grand Canyon National Park,
az3603211215420050524_TOPEKARX_2,2005,0.023,855.9,855.9,20.7,2.4185,39.0238,1.0402,55.8696,Prescribed Fire,OTHER,National Park NPS, ,NPS,OTHER,Grand Canyon National Park,
az3614711195120051001_WALHALLACAPEROYALRX_2,2005,0.016,1114.83,1100.97,9.18,0.8338,89.3588,1.0828,70.5882,Prescribed Fire,OTHER,National Park NPS, ,NPS,OTHER,Grand Canyon National Park,
az3621111211120050626_DRAGONCOMPLEXWFU_2,2005,0.011,3288.69,3231,84.69,2.6212,122.0748,1.0675,75.9299,Wildland Fire Use,OTHER,Wilderness Study Area NPS,National Park NPS,NPS,OTHER,Grand Canyon National Park Wilderness Study Area,
az3624111311920050611_TUWEEPWFU_2,2005,0.018,763.29,110.61,33.66,30.4312,145.1685,1.144,67.5134,Wildland Fire Use,OTHER,National Park NPS, ,NPS,OTHER,Grand Canyon National Park,
az3349911024320050821_ROCKYTANK_2,2005,0.015,1595.43,449.91,16.2,3.6007,69.4169,1.0601,68.3333,Wildfire,SUPPRESSION,Indian Reservations BIA, ,BIA,OTHER,San Carlos Indian Reservation,
az3577611358920050623_HINDU_2,2005,0.026,450.18,67.59,9.72,14.3808,75.8601,1.1109,57.4074,Wildfire,SUPPRESSION,Indian Reservations BIA, ,BIA,OTHER,Hualapai Indian Reservation,
az3583311375120050719_CLAYTANK_2,2005,0.013,1533.06,243.09,17.19,7.0715,111.0529,1.0981,71.466,Wildfire,SUPPRESSION,Indian Reservations BIA, ,BIA,OTHER,Hualapai Indian Reservation,
az3590911384720050720_JEFF_2,2005,0.009,1262.97,921.6,274.77,29.8145,327.8191,1.159,81.7065,Wildfire,SUPPRESSION,Indian Reservations BIA, ,BIA,OTHER,Hualapai Indian Reservation,
az3417211212120050620_SUNSETPOINT_2,2005,0.022,2551.05,532.26,10.62,1.9953,41.3152,1.0546,54.2373,Wildfire,SUPPRESSION,National Monument BLM, ,BLM,OTHER,Agua Fria National Monument,
az3632311378720050719_TANKCOMPLEX_2,2005,0.009,9819.72,302.31,137.25,45.4004,193.4672,1.117,81.0164,Wildfire,SUPPRESSION,National Monument BLM, ,BLM,OTHER,Grand Canyon-Parashant National Monument,
az3647611372120050623_LASTCHANCE_2,2005,0.008,1908.54,1306.44,399.15,30.5525,499.1803,1.17,83.7993,Wildfire,SUPPRESSION,National Monument BLM, ,BLM,OTHER,Grand Canyon-Parashant National Monument,
az3658411371220050630_TWEEDYPOINT_2,2005,0.009,14614.83,6351.48,1223.73,19.2668,320.3888,1.1418,80.15,Wildfire,SUPPRESSION,National Monument BLM, ,BLM,OTHER,Grand Canyon-Parashant National Monument,
az3659011384920050721_COW_2,2005,0.01,17988.84,2375.1,474.03,19.9583,194.189,1.1115,75.8306,Wildfire,SUPPRESSION,National Monument BLM, ,BLM,OTHER,Grand Canyon-Parashant National Monument,
az3670211395220050624_MTBANGSCOMPLEX_2,2005,0.011,11981.7,1002.33,84.51,8.4314,120.3554,1.0778,73.6954,Wildfire,SUPPRESSION,National Monument BLM, ,BLM,OTHER,Grand Canyon-Parashant National Monument,
az3464111299420050717_SHRANCHCOMPLEX_2,2005,0.009,9158.85,813.96,111.69,13.7218,255.0311,1.1282,78.9283,Wildfire,SUPPRESSION,NA, ,NA,OTHER,,
az3674211345720050720_TWIST_2,2005,0.017,1027.8,83.97,19.71,23.4727,106.391,1.1118,66.6667,Wildfire,SUPPRESSION,NA, ,NA,OTHER, ,
az3695411214620050630_BUZZARD_2,2005,0.003,823.05,811.89,577.44,71.1229,1389.7048,1.1944,93.7812,Wildfire,SUPPRESSION,NA, ,NA,OTHER, ,
nm3564010468820051201_MAES_2,2005,0.019,546.84,173.07,27.36,15.8086,140.169,1.1146,71.2171,Wildfire,SUPPRESSION,NA, ,NA,OTHER, ,
az3673411381920060724_PAIUTE_FORT,2006,0.016,524.52,308.07,25.2,8.18,96.7562,1.0729,74.8214,Wildfire,SUPPRESSION,National Monument BLM,Paiute Wilderness,BLM,OTHER,,UNKNOWN in MTBS
az3570510940520060606_KINLICHEE2,2006,0.005,703.98,681.57,347.85,51.0366,838.0905,1.217,89.8448,Wildfire,SUPPRESSION,Indian Reservations BIA, ,BIA,OTHER,Navajo Indian Reservation,
nm3322510529920060404_REDLAKE,2006,0.022,1629.63,1515.51,4.05,0.2672,46.0731,1.0355,67.7778,Wildfire,SUPPRESSION,Indian Reservations BIA, ,BIA,OTHER,Mescalero Apache Indian Reservation,
az3409711234020060629_ROCKHILL,2006,0.014,560.25,201.51,18.63,9.2452,106.5684,1.0885,73.913,Wildfire,SUPPRESSION,Public Domain Land BLM, ,BLM,OTHER, ,
az3640511377720060701_BIRTHDAY,2006,0.014,811.44,19.8,4.41,22.2727,62.7223,1.0648,65.3061,Wildfire,SUPPRESSION,National Monument BLM, ,BLM,OTHER,Grand Canyon-Parashant National Monument,
az3669611390020060901_CULL,2006,0.015,501.57,79.47,29.25,36.8063,104.1478,1.1013,74.4615,Wildfire,SUPPRESSION,National Monument BLM, ,BLM,OTHER,Grand Canyon-Parashant National Monument,
nm3161010876620060518_ADOBE,2006,0.007,8129.52,3569.94,252.72,7.0791,343.8356,1.124,84.4373,Wildfire,SUPPRESSION,Public Domain Land BLM, ,BLM,OTHER, ,
az3667211403020060719_KILNCOMPLEX,2006,0.019,993.33,28.8,6.12,21.25,47.7037,1.0468,62.5,Wildfire,SUPPRESSION,NA, ,NA,OTHER, ,
nm3146110873120060621_EICKSDRAW,2006,0.025,2420.37,1106.1,5.76,0.5207,34.2795,1.0238,57.0313,Wildfire,SUPPRESSION,NA, ,NA,OTHER, ,
nm3610510513020060412_OJOFELIZ,2006,0.01,7190.73,1859.67,154.8,8.3241,198.7025,1.1143,79.7965,Wildfire,SUPPRESSION,NA,,NA,OTHER,,
nm3626710493820060616_RIVERAMESA,2006,0.01,7204.68,4615.2,289.17,6.2656,174.3684,1.1017,78.9449,Wildfire,SUPPRESSION,NA,,NA,OTHER,,
nm3640710489520060301_CASA,2006,0.026,11111.85,1257.39,6.93,0.5511,36.2446,1.0388,55.8442,Wildfire,SUPPRESSION,NA,,NA,OTHER,,
az3600511208220070824_GRANDVIEW,2007,0.034,1649.34,1619.64,3.6,0.2223,28.0222,1.0168,52.5,Prescribed Fire,OTHER,National Park NPS, ,NPS,OTHER,Grand Canyon National Park,
az3623511201120071019_UNCLEJIMRX,2007,0.013,1869.48,1854.54,22.14,1.1938,72.9557,1.0565,69.5122,Prescribed Fire,OTHER,National Park NPS, ,NPS,OTHER,Grand Canyon National Park,
az3634511226920071019_NORTHWESTRX,2007,0.024,1237.68,1237.68,4.05,0.3272,43.0903,1.0594,54.4444,Prescribed Fire,OTHER,National Park NPS, ,NPS,OTHER,Grand Canyon National Park,
nm3309410769720070617_GRANITEWFU,2007,0.028,796.05,639.81,13.5,2.11,35.3613,1.0494,48.6667,Wildland Fire Use,OTHER,National Forest FS,,FS,OTHER,Gila National Forest,
az3618111195420070719_ROOSEVELTWFU,2007,0.006,2166.57,2140.47,73.8,3.4478,198.7582,1.0655,88.2927,Wildland Fire Use,OTHER,National Park NPS, ,NPS,OTHER,Grand Canyon National Park,
az3189611160020070707_ALAMBRE,2007,0.008,2438.01,1380.33,99,7.1722,349.8859,1.1504,82.2727,Wildfire,SUPPRESSION,Indian Reservations BIA, ,BIA,OTHER,Tohono O'odham Indian Reservation,
az3553310941120070703_OAKRIDGE3,2007,0.002,1197.81,1197.81,902.61,75.355,1528.8357,1.1452,96.206,Wildfire,SUPPRESSION,Indian Reservations BIA, ,BIA,OTHER,Navajo Indian Reservation,
az3679411373720070705_BLACKROCKGULCH,2007,0.008,8753.94,2220.03,1173.24,52.8479,404.4085,1.1656,82.5675,Wildfire,SUPPRESSION,National Monument BLM,Paiute Wilderness,BLM,OTHER,,
az3691611372820070718_RADIO,2007,0.013,4139.91,183.33,53.82,29.3569,154.8417,1.1106,75.4181,Wildfire,SUPPRESSION,Public Domain Land BLM,Paiute Wilderness,BLM,OTHER,,
nm3630710401420070216_FARLEY,2007,0.02,1223.73,10.62,4.59,43.2203,62.0132,1.0741,59.8039,Wildfire,SUPPRESSION,NA, ,NA,OTHER, ,
nm3494710535420080624_BAR_S,2008,0.011,2974.14,1829.34,4.77,0.2607,95.6045,1.0852,76.4151,Wildfire,SUPPRESSION,NA, ,NA,OTHER, ,UNKNOWN in MTBS
nm3444210707520080530_LADRONERX,2008,0.014,1782.9,1250.46,75.51,6.0386,130.0522,1.1154,71.5137,Prescribed Fire,OTHER,Public Domain Land BLM, ,BLM,OTHER, ,
nm3314010570120080501_SOUTHTULAROSA,2008,0.011,1585.35,1467.27,132.93,9.0597,208.5401,1.1164,79.587,Wildfire,SUPPRESSION,Indian Reservations BIA, ,BIA,OTHER,Mescalero Apache Indian Reservation,
nm3323010550020080604_ROGERSPASTURE,2008,0.017,622.53,533.52,8.55,1.6026,55.8732,1.0681,60.5263,Wildfire,SUPPRESSION,Indian Reservations BIA, ,BIA,OTHER,Mescalero Apache Indian Reservation,
nm3231910658620080614_DRIPPINGSPRINGS,2008,0.025,875.61,187.29,13.95,7.4483,68.9045,1.1,58.3871,Wildfire,SUPPRESSION,Public Domain Land BLM, ,BLM,OTHER,,
nm3686510484320080619_WESTFORK,2008,0.006,2199.96,2095.02,189,9.0214,385.8029,1.1319,88.4286,Wildfire,SUPPRESSION,NA, ,NA,OTHER, ,
az3584010921420090622_SAWMILLROADRX,2009,0.028,1380.06,1365.66,9.09,0.6664,31.8542,1.0937,55.4455,Prescribed Fire,OTHER,Indian Reservations BIA, ,BIA,OTHER,Navajo Indian Reservation,
az3240311027720090505_MULESHOE,2009,0.016,1547.37,385.38,30.87,8.0347,81.8758,1.1126,70.4082,Prescribed Fire,OTHER,Public Domain Land BLM, ,BLM,OTHER, ,
nm3295410721920090501_TIMBERMOUNTAINLC,2009,0.014,625.23,273.87,72.81,26.369,168.1029,1.1317,75.4635,Prescribed Fire,OTHER,Public Domain Land BLM, ,BLM,OTHER, ,
nm3385610624320090608_UPPERTAYLORRX,2009,0.009,935.55,787.77,166.86,21.049,218.4029,1.1188,80.7713,Prescribed Fire,OTHER,Public Domain Land BLM, ,BLM,OTHER, ,
az3355811022720090714_BEARCANYON,2009,0.008,7689.69,4133.97,415.44,10.0304,369.9305,1.096,81.4991,Wildland Fire Use,OTHER,Indian Reservations BIA, ,BIA,OTHER,San Carlos Indian Reservation,
nm3324310535220090515_AUGUSTINE,2009,0.03,2045.16,1865.97,9.9,0.5317,39.6736,1.0633,50.4545,Wildfire,SUPPRESSION,Indian Reservations BIA, ,BIA,OTHER,Mescalero Apache Indian Reservation,
az3176611155820090611_ELKHORN,2009,0.013,9204.3,3615.84,33.84,0.9377,104.4068,1.0605,71.4096,Wildfire,SUPPRESSION,Public Domain Land BLM, ,BLM,OTHER,Baboquivari Peak Wilderness,
nm3138510881120090610_PASCO,2009,0.011,42088.23,5545.26,256.41,4.6239,227.3125,1.12,76.6585,Wildfire,SUPPRESSION,Public Domain Land BLM, ,BLM,OTHER,,
nm3270310503120090423_FOURMILE,2009,0.026,11174.58,1673.82,103.77,6.2156,48.122,1.0694,50.1301,Wildfire,SUPPRESSION,Public Domain Land BLM, ,BLM,OTHER, ,
nm3294710505220090304_PICACHO,2009,0.023,6639.03,1248.93,27.36,2.1943,54.5244,1.0677,55.0987,Wildfire,SUPPRESSION,Public Domain Land BLM, ,BLM,OTHER, ,
nm3340210515120090615_FRESQUEZ2,2009,0.013,4658.22,3206.16,76.68,2.3945,128.9014,1.1166,68.2512,Wildfire,SUPPRESSION,Public Domain Land BLM, ,BLM,OTHER, ,
nm3382110546320090515_VISTA,2009,0.025,5783.13,3467.88,7.56,0.2177,46.8533,1.0696,48.8095,Wildfire,SUPPRESSION,Public Domain Land BLM, ,BLM,OTHER, ,
nm3387010614120090606_MESA,2009,0.015,796.77,645.03,28.89,4.4509,71.2169,1.0565,67.134,Wildfire,SUPPRESSION,Public Domain Land BLM, ,BLM,OTHER, ,
az3620911198220090729_ASPEN,2009,0.006,1744.11,1744.02,310.32,17.8145,349.6934,1.0904,86.7314,Wildfire,SUPPRESSION,National Park NPS, ,NPS,OTHER,Grand Canyon National Park,
az3669911364820100808_MUSTANG,2010,0.009,1061.55,416.25,60.93,14.6378,362.4683,1.1589,79.8375,Prescribed Fire,OTHER,National Monument BLM, ,BLM,OTHER,Grand Canyon-Parashant National Monument,
nm3213310458320100516_CAVEWFINCIDENTS,2010,0.017,7142.13,1040.13,15.93,1.5315,89.9702,1.0923,68.3616,Prescribed Fire,OTHER,Public Domain Land BLM, ,BLM,OTHER,,
nm3345810511220100623_DEADMAN,2010,0.019,1312.83,489.6,30.78,6.2868,59.4451,1.0581,65.6433,Wildfire,SUPPRESSION,Public Domain Land BLM, ,BLM,OTHER, ,
nm3696310515520100523_H12,2010,0.008,1779.39,1679.49,201.87,12.0197,180.8911,1.0886,82.1667,Wildfire,SUPPRESSION,NA, ,NA,OTHER, ,
az3633611232020100625_SAFFRON,2010,0.008,1751.22,1692.9,54,3.1898,247.2373,1.1005,83.6667,Wildfire,SUPPRESSION,National Park NPS, ,NPS,OTHER,Grand Canyon National Park,
az3307311037720110626_STANLEY,2011,0.023,3697.83,670.41,3.87,0.5753,32.7997,1.0416,47.6744,Wildfire,SUPPRESSION,Indian Reservations BIA, ,BIA,OTHER,San Carlos Indian Reservation,
nm3317110540120110628_NUMBER3,2011,0.022,428.67,297.99,3.51,1.1772,43.2167,1.0422,58.9744,Wildfire,SUPPRESSION,Indian Reservations BIA, ,BIA,OTHER,Mescalero Apache Indian Reservation,
nm3202810492620110224_DOGCANYON,2011,0.025,1339.11,740.34,6.3,0.8537,49.2796,1.0733,52.8571,Wildfire,SUPPRESSION,Public Domain Land BLM, ,BLM,OTHER, ,
nm3234910450720110807_TOMSCANYON,2011,0.019,3013.56,1778.58,49.5,2.7838,74.8926,1.0873,58.9091,Wildfire,SUPPRESSION,Public Domain Land BLM, ,BLM,OTHER, ,
nm3257210553420110603_GAGE,2011,0.021,613.89,313.47,14.67,4.6826,38.0978,1.0495,54.2945,Wildfire,SUPPRESSION,Public Domain Land BLM, ,BLM,OTHER,,
nm3342610506820110601_RIVERSIDE,2011,0.031,2350.17,773.19,10.71,1.3894,34.1685,1.0558,43.2773,Wildfire,SUPPRESSION,Fish & Wildlife , ,FWS,OTHER,Bitter Lake National Wildlife Refuge,
nm3133610881020110330_TRUCKSTOP,2011,0.01,7954.92,1140.66,90.54,7.902,195.4142,1.1116,77.0875,Wildfire,SUPPRESSION,NA, ,NA,OTHER, ,
nm3158510868020110731_PARK,2011,0.02,429.84,91.44,6.66,7.528,98.7924,1.1137,67.5676,Wildfire,SUPPRESSION,NA, ,NA,OTHER, ,
nm3307110526320110802_LINCOLNCANYONCOMPLEX,2011,0.019,4050.63,3792.06,141.84,3.7456,84.8772,1.0834,65.8947,Wildfire,SUPPRESSION,NA, ,NA,OTHER, ,
nm3499910519320110507_MILAGRO,2011,0.014,2873.97,1352.52,219.78,16.2367,124.1508,1.1158,71.2326,Wildfire,SUPPRESSION,NA, ,NA,OTHER, ,
nm3651510314920110409_RABBITEAR,2011,0.007,8728.29,2009.88,115.11,5.7395,216.4107,1.1159,81.7045,Wildfire,SUPPRESSION,NA, ,NA,OTHER, ,
nm3692010445620110612_TRACK,2011,0.007,11693.61,4483.53,1408.5,31.4289,411.383,1.1475,84.3962,Wildfire,SUPPRESSION,NA, ,NA,OTHER, ,
az3599011395020110803_NEWWATER,2011,0.027,4028.94,2246.94,36.99,1.6511,55.0746,1.061,58.1509,Wildfire,SUPPRESSION,National Park NPS, ,NPS,OTHER,Grand Canyon National Park,
az3621711223520110704_POINT,2011,0.012,1659.42,1616.58,10.44,0.6449,87.2033,1.0579,78.0172,Wildfire,SUPPRESSION,National Park NPS, ,NPS,OTHER,Grand Canyon National Park,
nm3217510449020110613_LOOP,2011,0.026,12053.07,1225.35,8.1,0.6627,34.2381,1.0397,51.1111,Wildfire,SUPPRESSION,National Park NPS, ,NPS,OTHER,Carlsbad Caverns Wilderness,
nm3381410620220120322_LOWERTAYLORRXLP11,2012,0.023,1605.78,729.9,17.37,2.3798,39.7262,1.0529,53.1088,Prescribed Fire,OTHER,Public Domain Land BLM, ,BLM,OTHER, ,
az3178311160920120530_MONTEZUMA,2012,0.01,657.72,518.22,70.47,13.5985,186.3462,1.1173,81.3538,Wildfire,SUPPRESSION,Indian Reservations BIA, ,BIA,OTHER,Tohono O'odham Indian Reservation,
az3572811381120120627_BLACKCANYON,2012,0.005,6913.89,3681.9,1099.44,29.8607,1241.0644,1.2427,87.4509,Wildfire,SUPPRESSION,Indian Reservations BIA, ,BIA,OTHER,Hualapai Indian Reservation,
az3620311378020120711_PLATEAU,2012,0.016,1742.31,121.23,9.45,7.7951,81.7592,1.0655,72.381,Wildfire,SUPPRESSION,National Monument BLM, ,BLM,OTHER,Grand Canyon-Parashant National Monument,
az3633311376620120813_PIGEONCANYON,2012,0.012,831.6,112.41,46.08,40.9928,172.3762,1.1211,76.1719,Wildfire,SUPPRESSION,National Monument BLM, ,BLM,OTHER,Grand Canyon-Parashant National Monument,
az3660111368320120711_HOBBLECOMPLEX,2012,0.01,14247.72,9368.01,1122.48,11.9821,273.8748,1.1281,78.5119,Wildfire,SUPPRESSION,National Monument BLM, ,BLM,OTHER,Grand Canyon-Parashant National Monument,
az3343510971420130513_PINESALT,2013,0.01,5544.81,4450.59,109.8,2.4671,133.7518,1.0711,76.8033,Prescribed Fire,OTHER,Indian Reservations BIA, ,BIA,OTHER,San Carlos Indian Reservation,
az3589811315620130801_PROSPECT,2013,0.008,506.97,486.99,118.8,24.3948,333.6494,1.131,86.4773,Resource Objective,OTHER,Indian Reservations BIA, ,BIA,OTHER,Hualapai Indian Reservation,
az3339910989520130616_CREEK,2013,0.006,6522.12,6143.94,276.3,4.4971,450.8292,1.1341,86.3355,Wildfire,SUPPRESSION,Indian Reservations BIA, ,BIA,OTHER,San Carlos Indian Reservation,
az3596311382420130701_BEAVER,2013,0.02,2731.68,2265.48,19.53,0.8621,61.8478,1.0699,63.8249,Wildfire,SUPPRESSION,Indian Reservations BIA, ,BIA,OTHER,Hualapai Indian Reservation,
az3511911386220130629_DEANPEAK,2013,0.017,2367.81,489.87,5.4,1.1023,49.3232,1.0325,69.1667,Wildfire,SUPPRESSION,Public Domain Land BLM, ,BLM,OTHER, ,
az3641611351820130702_DEWDROP,2013,0.01,526.23,521.64,40.32,7.7295,113.9513,1.0636,78.9063,Wildfire,SUPPRESSION,National Monument BLM, ,BLM,OTHER,Grand Canyon-Parashant National Monument,
az3422811279120130628_YARNELLHILL,2013,0.017,3216.33,336.51,25.2,7.4886,78.7388,1.0836,66.4286,Wildfire,SUPPRESSION,NA, ,NA,OTHER, ,
nm3635110502720130613_WHITESPEAK,2013,0.011,490.68,304.74,47.97,15.7413,164.7925,1.1158,78.5178,Wildfire,SUPPRESSION,NA, ,NA,OTHER, ,
az3341710997520140419_SKUNK,2014,0.01,29858.4,22790.88,221.94,0.9738,192.4216,1.0969,78.7307,Resource Objective,OTHER,Indian Reservations BIA, ,BIA,OTHER,San Carlos Indian Reservation,
az3628411223620140523_GALAHAD,2014,0.016,2516.04,2355.93,42.3,1.7955,69.5937,1.0638,68.617,Resource Objective,OTHER,National Park NPS, ,NPS,OTHER,Grand Canyon National Park,
az3330610975220140517_BARLOW,2014,0.01,624.24,605.07,82.44,13.6249,152.895,1.0819,82.3144,Wildfire,SUPPRESSION,Indian Reservations BIA, ,BIA,OTHER,San Carlos Indian Reservation,
az3350010980820140523_BLACKRIVERTANK,2014,0.012,1384.29,1280.07,21.96,1.7155,112.2088,1.0944,76.4344,Wildfire,SUPPRESSION,Indian Reservations BIA, ,BIA,OTHER,Fort Apache Indian Reservation,
az3406011035120140617_DEHOSE,2014,0.02,809.28,652.32,4.59,0.7036,41.3505,1.0251,64.7059,Wildfire,SUPPRESSION,Indian Reservations BIA, ,BIA,OTHER,Fort Apache Indian Reservation,
az3413810967520140626_SANJUAN,2014,0.009,2974.86,2924.91,106.56,3.6432,171.8075,1.0984,81.4189,Wildfire,SUPPRESSION,Indian Reservations BIA, ,BIA,OTHER,Fort Apache Indian Reservation,
nm3599610892020140613_ASSAYIILAKE,2014,0.006,5331.06,4006.53,1504.08,37.5407,451.8596,1.1626,85.6959,Wildfire,SUPPRESSION,Indian Reservations BIA, ,BIA,OTHER,Navajo Indian Reservation,
az3345810987920150819_CREEK,2015,0.029,434.07,434.07,1.8,0.4153,40.5847,1.0516,60,Wildfire,SUPPRESSION,Indian Reservations BIA,,BIA,OTHER,San Carlos Indian Reservation,
az3350710993220150617_SAWMILL,2015,0.027,2143.26,2139.93,8.91,0.4162,36.1092,1.0389,51.5152,Wildfire,SUPPRESSION,Indian Reservations BIA, ,BIA,OTHER,San Carlos Indian Reservation,
az3357411024620150616_WHITETAIL,2015,0.011,13593.6,7878.06,303.48,3.8566,160.1726,1.0983,75.0148,Wildfire,SUPPRESSION,Indian Reservations BIA, ,BIA,OTHER,San Carlos Indian Reservation,
az3401111007620150828_PLAYGROUND,2015,0.02,2076.3,1750.05,15.3,0.8731,55.5777,1.0738,58.2353,Wildfire,SUPPRESSION,Indian Reservations BIA, ,BIA,OTHER,Fort Apache Indian Reservation,
nm3699310709220150818_NAVAJORIVER,2015,0.009,680.04,466.83,113.49,23.9461,480.0963,1.1646,83.7827,Wildfire,SUPPRESSION,Indian Reservations BIA, ,BIA,OTHER,Jicarilla Apache Indian Reservation,
az3628611317320150624_MOUNTEMMA,2015,0.013,1801.71,1721.43,137.7,8.0101,130.8296,1.0946,75.719,Wildfire,SUPPRESSION,National Park NPS, ,NPS,OTHER,Grand Canyon National Park,
